[2m2026-09-09T02:47:05.740920Z[0m [32m INFO[0m [2motel[0m[2m:[0m OTel exporter env detected (endpoint=http://otel-collector:4317, sample=0.1) — awaiting 53.12 OTel SDK 启用 [3mservice[0m[2m=[0m"economy-service" [3mendpoint[0m[2m=[0mhttp://otel-collector:4317 [3msample_ratio[0m[2m=[0m0.1
[2m2026-09-09T02:47:05.741600Z[0m [32m INFO[0m [2meconomy-service[0m[2m:[0m starting service at 0.0.0.0:50062, db=postgresql://economy_user:ulysses_local@127.0.0.1:5433/economy_db
[2m2026-09-09T02:47:05.757270Z[0m [32m INFO[0m [2msqlx::postgres::notice[0m[2m:[0m relation "_sqlx_migrations" already exists, skipping
[2m2026-09-09T02:47:05.762050Z[0m [32m INFO[0m [2meconomy-service[0m[2m:[0m economy-service started, DB pool size: 2
[2m2026-09-09T02:47:05.762499Z[0m [32m INFO[0m [2msaga[0m[2m:[0m saga orchestrator started
[2m2026-09-09T02:47:07.798207Z[0m [33m WARN[0m [2meconomy-service[0m[2m:[0m outbox relay DISABLED — NATS connect failed: NATS connect error: IO error: 由于目标计算机积极拒绝，无法连接。 (os error 10061); outbox rows will accumulate, manual recovery required
[2m2026-09-09T02:47:07.798446Z[0m [33m WARN[0m [2meconomy-service[0m[2m:[0m ⚠ RGS_ALLOW_INSECURE_GRPC=1 — mTLS DISABLED, running INSECURE gRPC (dev/test only)
[2m2026-09-09T02:47:07.798680Z[0m [32m INFO[0m [2meconomy-service[0m[2m:[0m binding gRPC server at 0.0.0.0:50062
[2m2026-09-09T06:56:16.683782Z[0m [33m WARN[0m [2msaga[0m[2m:[0m saga list_running failed: database error: pool timed out while waiting for an open connection
[2m2026-09-09T06:56:51.696542Z[0m [33m WARN[0m [2msaga[0m[2m:[0m saga list_running failed: database error: pool timed out while waiting for an open connection
[2m2026-09-09T06:57:26.715181Z[0m [33m WARN[0m [2msaga[0m[2m:[0m saga list_running failed: database error: pool timed out while waiting for an open connection
[2m2026-09-09T06:58:01.734868Z[0m [33m WARN[0m [2msaga[0m[2m:[0m saga list_running failed: database error: pool timed out while waiting for an open connection
[2m2026-09-09T06:58:36.765866Z[0m [33m WARN[0m [2msaga[0m[2m:[0m saga list_running failed: database error: pool timed out while waiting for an open connection
[2m2026-09-09T06:59:11.796700Z[0m [33m WARN[0m [2msaga[0m[2m:[0m saga list_running failed: database error: pool timed out while waiting for an open connection
[2m2026-09-09T06:59:46.807150Z[0m [33m WARN[0m [2msaga[0m[2m:[0m saga list_running failed: database error: pool timed out while waiting for an open connection
[2m2026-09-09T07:00:21.829350Z[0m [33m WARN[0m [2msaga[0m[2m:[0m saga list_running failed: database error: pool timed out while waiting for an open connection
[2m2026-09-09T07:00:56.840650Z[0m [33m WARN[0m [2msaga[0m[2m:[0m saga list_running failed: database error: pool timed out while waiting for an open connection
[2m2026-09-09T07:01:31.855357Z[0m [33m WARN[0m [2msaga[0m[2m:[0m saga list_running failed: database error: pool timed out while waiting for an open connection
[2m2026-09-09T07:02:06.874310Z[0m [33m WARN[0m [2msaga[0m[2m:[0m saga list_running failed: database error: pool timed out while waiting for an open connection
[2m2026-09-09T07:02:41.899997Z[0m [33m WARN[0m [2msaga[0m[2m:[0m saga list_running failed: database error: pool timed out while waiting for an open connection
[2m2026-09-09T07:03:16.913214Z[0m [33m WARN[0m [2msaga[0m[2m:[0m saga list_running failed: database error: pool timed out while waiting for an open connection
[2m2026-09-09T07:03:51.936466Z[0m [33m WARN[0m [2msaga[0m[2m:[0m saga list_running failed: database error: pool timed out while waiting for an open connection
[2m2026-09-09T07:04:26.959043Z[0m [33m WARN[0m [2msaga[0m[2m:[0m saga list_running failed: database error: pool timed out while waiting for an open connection
[2m2026-09-09T07:05:01.975697Z[0m [33m WARN[0m [2msaga[0m[2m:[0m saga list_running failed: database error: pool timed out while waiting for an open connection
[2m2026-09-09T07:05:36.992177Z[0m [33m WARN[0m [2msaga[0m[2m:[0m saga list_running failed: database error: pool timed out while waiting for an open connection
[2m2026-09-09T07:06:11.996237Z[0m [33m WARN[0m [2msaga[0m[2m:[0m saga list_running failed: database error: pool timed out while waiting for an open connection
[2m2026-09-09T07:06:47.013085Z[0m [33m WARN[0m [2msaga[0m[2m:[0m saga list_running failed: database error: pool timed out while waiting for an open connection
[2m2026-09-09T07:07:22.030193Z[0m [33m WARN[0m [2msaga[0m[2m:[0m saga list_running failed: database error: pool timed out while waiting for an open connection
[2m2026-09-09T07:07:57.046647Z[0m [33m WARN[0m [2msaga[0m[2m:[0m saga list_running failed: database error: pool timed out while waiting for an open connection
[2m2026-09-09T07:08:32.080516Z[0m [33m WARN[0m [2msaga[0m[2m:[0m saga list_running failed: database error: pool timed out while waiting for an open connection
[2m2026-09-09T07:09:07.106504Z[0m [33m WARN[0m [2msaga[0m[2m:[0m saga list_running failed: database error: pool timed out while waiting for an open connection
[2m2026-09-09T07:09:42.123785Z[0m [33m WARN[0m [2msaga[0m[2m:[0m saga list_running failed: database error: pool timed out while waiting for an open connection
[2m2026-09-09T07:10:17.147674Z[0m [33m WARN[0m [2msaga[0m[2m:[0m saga list_running failed: database error: pool timed out while waiting for an open connection
[2m2026-09-09T07:10:52.163126Z[0m [33m WARN[0m [2msaga[0m[2m:[0m saga list_running failed: database error: pool timed out while waiting for an open connection
[2m2026-09-09T07:11:27.175944Z[0m [33m WARN[0m [2msaga[0m[2m:[0m saga list_running failed: database error: pool timed out while waiting for an open connection
[2m2026-09-09T07:11:59.288844Z[0m [33m WARN[0m [2msaga[0m[2m:[0m saga list_running failed: database error: encountered unexpected or invalid data: unexpected response from SSLRequest: 0x00 (sqlx_postgres::connection::tls:95)
[2m2026-09-09T07:12:31.401983Z[0m [33m WARN[0m [2msaga[0m[2m:[0m saga list_running failed: database error: encountered unexpected or invalid data: unexpected response from SSLRequest: 0x00 (sqlx_postgres::connection::tls:95)
[2m2026-09-09T07:13:03.527074Z[0m [33m WARN[0m [2msaga[0m[2m:[0m saga list_running failed: database error: encountered unexpected or invalid data: unexpected response from SSLRequest: 0x00 (sqlx_postgres::connection::tls:95)
[2m2026-09-09T07:13:35.610465Z[0m [33m WARN[0m [2msaga[0m[2m:[0m saga list_running failed: database error: encountered unexpected or invalid data: unexpected response from SSLRequest: 0x00 (sqlx_postgres::connection::tls:95)
[2m2026-09-09T07:14:07.680836Z[0m [33m WARN[0m [2msaga[0m[2m:[0m saga list_running failed: database error: encountered unexpected or invalid data: unexpected response from SSLRequest: 0x00 (sqlx_postgres::connection::tls:95)
[2m2026-09-09T07:14:39.782354Z[0m [33m WARN[0m [2msaga[0m[2m:[0m saga list_running failed: database error: encountered unexpected or invalid data: unexpected response from SSLRequest: 0x00 (sqlx_postgres::connection::tls:95)
[2m2026-09-09T07:15:14.803558Z[0m [33m WARN[0m [2msaga[0m[2m:[0m saga list_running failed: database error: pool timed out while waiting for an open connection
[2m2026-09-09T07:15:49.827576Z[0m [33m WARN[0m [2msaga[0m[2m:[0m saga list_running failed: database error: pool timed out while waiting for an open connection
[2m2026-09-09T07:16:24.844671Z[0m [33m WARN[0m [2msaga[0m[2m:[0m saga list_running failed: database error: pool timed out while waiting for an open connection
[2m2026-09-09T07:16:59.868620Z[0m [33m WARN[0m [2msaga[0m[2m:[0m saga list_running failed: database error: pool timed out while waiting for an open connection
[2m2026-09-09T07:17:34.890697Z[0m [33m WARN[0m [2msaga[0m[2m:[0m saga list_running failed: database error: pool timed out while waiting for an open connection
[2m2026-09-09T07:18:09.916720Z[0m [33m WARN[0m [2msaga[0m[2m:[0m saga list_running failed: database error: pool timed out while waiting for an open connection
[2m2026-09-09T07:18:44.933316Z[0m [33m WARN[0m [2msaga[0m[2m:[0m saga list_running failed: database error: pool timed out while waiting for an open connection
[2m2026-09-09T07:19:19.948851Z[0m [33m WARN[0m [2msaga[0m[2m:[0m saga list_running failed: database error: pool timed out while waiting for an open connection
[2m2026-09-09T07:19:54.973556Z[0m [33m WARN[0m [2msaga[0m[2m:[0m saga list_running failed: database error: pool timed out while waiting for an open connection
[2m2026-09-09T07:20:29.983293Z[0m [33m WARN[0m [2msaga[0m[2m:[0m saga list_running failed: database error: pool timed out while waiting for an open connection
[2m2026-09-09T07:21:05.013420Z[0m [33m WARN[0m [2msaga[0m[2m:[0m saga list_running failed: database error: pool timed out while waiting for an open connection
[2m2026-09-09T07:21:40.031754Z[0m [33m WARN[0m [2msaga[0m[2m:[0m saga list_running failed: database error: pool timed out while waiting for an open connection
[2m2026-09-09T07:22:15.047431Z[0m [33m WARN[0m [2msaga[0m[2m:[0m saga list_running failed: database error: pool timed out while waiting for an open connection
[2m2026-09-09T07:22:50.056344Z[0m [33m WARN[0m [2msaga[0m[2m:[0m saga list_running failed: database error: pool timed out while waiting for an open connection
[2m2026-09-09T07:23:25.075054Z[0m [33m WARN[0m [2msaga[0m[2m:[0m saga list_running failed: database error: pool timed out while waiting for an open connection
[2m2026-09-09T07:24:00.105327Z[0m [33m WARN[0m [2msaga[0m[2m:[0m saga list_running failed: database error: pool timed out while waiting for an open connection
[2m2026-09-09T07:24:35.132629Z[0m [33m WARN[0m [2msaga[0m[2m:[0m saga list_running failed: database error: pool timed out while waiting for an open connection
[2m2026-09-09T07:25:10.144306Z[0m [33m WARN[0m [2msaga[0m[2m:[0m saga list_running failed: database error: pool timed out while waiting for an open connection
[2m2026-09-09T07:25:45.165543Z[0m [33m WARN[0m [2msaga[0m[2m:[0m saga list_running failed: database error: pool timed out while waiting for an open connection
[2m2026-09-09T07:26:20.194927Z[0m [33m WARN[0m [2msaga[0m[2m:[0m saga list_running failed: database error: pool timed out while waiting for an open connection
[2m2026-09-09T07:26:55.208450Z[0m [33m WARN[0m [2msaga[0m[2m:[0m saga list_running failed: database error: pool timed out while waiting for an open connection
[2m2026-09-09T07:27:30.222429Z[0m [33m WARN[0m [2msaga[0m[2m:[0m saga list_running failed: database error: pool timed out while waiting for an open connection
[2m2026-09-09T07:28:05.234902Z[0m [33m WARN[0m [2msaga[0m[2m:[0m saga list_running failed: database error: pool timed out while waiting for an open connection
[2m2026-09-09T07:28:40.256369Z[0m [33m WARN[0m [2msaga[0m[2m:[0m saga list_running failed: database error: pool timed out while waiting for an open connection
[2m2026-09-09T07:29:15.263433Z[0m [33m WARN[0m [2msaga[0m[2m:[0m saga list_running failed: database error: pool timed out while waiting for an open connection
[2m2026-09-09T07:29:50.273046Z[0m [33m WARN[0m [2msaga[0m[2m:[0m saga list_running failed: database error: pool timed out while waiting for an open connection
[2m2026-09-09T07:30:25.292502Z[0m [33m WARN[0m [2msaga[0m[2m:[0m saga list_running failed: database error: pool timed out while waiting for an open connection
[2m2026-09-09T07:31:00.308205Z[0m [33m WARN[0m [2msaga[0m[2m:[0m saga list_running failed: database error: pool timed out while waiting for an open connection
[2m2026-09-09T07:31:35.340345Z[0m [33m WARN[0m [2msaga[0m[2m:[0m saga list_running failed: database error: pool timed out while waiting for an open connection
[2m2026-09-09T07:32:10.351147Z[0m [33m WARN[0m [2msaga[0m[2m:[0m saga list_running failed: database error: pool timed out while waiting for an open connection
[2m2026-09-09T07:32:45.373583Z[0m [33m WARN[0m [2msaga[0m[2m:[0m saga list_running failed: database error: pool timed out while waiting for an open connection
[2m2026-09-09T07:33:20.402480Z[0m [33m WARN[0m [2msaga[0m[2m:[0m saga list_running failed: database error: pool timed out while waiting for an open connection
[2m2026-09-09T07:33:55.433653Z[0m [33m WARN[0m [2msaga[0m[2m:[0m saga list_running failed: database error: pool timed out while waiting for an open connection
[2m2026-09-09T07:34:30.449787Z[0m [33m WARN[0m [2msaga[0m[2m:[0m saga list_running failed: database error: pool timed out while waiting for an open connection
[2m2026-09-09T07:35:05.468978Z[0m [33m WARN[0m [2msaga[0m[2m:[0m saga list_running failed: database error: pool timed out while waiting for an open connection
[2m2026-09-09T07:35:40.486850Z[0m [33m WARN[0m [2msaga[0m[2m:[0m saga list_running failed: database error: pool timed out while waiting for an open connection
[2m2026-09-09T07:36:15.521881Z[0m [33m WARN[0m [2msaga[0m[2m:[0m saga list_running failed: database error: pool timed out while waiting for an open connection
[2m2026-09-09T07:36:50.555298Z[0m [33m WARN[0m [2msaga[0m[2m:[0m saga list_running failed: database error: pool timed out while waiting for an open connection
[2m2026-09-09T07:37:25.577836Z[0m [33m WARN[0m [2msaga[0m[2m:[0m saga list_running failed: database error: pool timed out while waiting for an open connection
[2m2026-09-09T07:38:00.586345Z[0m [33m WARN[0m [2msaga[0m[2m:[0m saga list_running failed: database error: pool timed out while waiting for an open connection
[2m2026-09-09T07:38:35.611012Z[0m [33m WARN[0m [2msaga[0m[2m:[0m saga list_running failed: database error: pool timed out while waiting for an open connection
[2m2026-09-09T07:39:10.635689Z[0m [33m WARN[0m [2msaga[0m[2m:[0m saga list_running failed: database error: pool timed out while waiting for an open connection
[2m2026-09-09T07:39:45.653684Z[0m [33m WARN[0m [2msaga[0m[2m:[0m saga list_running failed: database error: pool timed out while waiting for an open connection
[2m2026-09-09T07:40:20.679447Z[0m [33m WARN[0m [2msaga[0m[2m:[0m saga list_running failed: database error: pool timed out while waiting for an open connection
[2m2026-09-09T07:40:55.689098Z[0m [33m WARN[0m [2msaga[0m[2m:[0m saga list_running failed: database error: pool timed out while waiting for an open connection
[2m2026-09-09T07:41:30.705036Z[0m [33m WARN[0m [2msaga[0m[2m:[0m saga list_running failed: database error: pool timed out while waiting for an open connection
[2m2026-09-09T07:42:05.731319Z[0m [33m WARN[0m [2msaga[0m[2m:[0m saga list_running failed: database error: pool timed out while waiting for an open connection
[2m2026-09-09T07:42:40.751258Z[0m [33m WARN[0m [2msaga[0m[2m:[0m saga list_running failed: database error: pool timed out while waiting for an open connection
[2m2026-09-09T07:43:15.758790Z[0m [33m WARN[0m [2msaga[0m[2m:[0m saga list_running failed: database error: pool timed out while waiting for an open connection
[2m2026-09-09T07:43:50.769430Z[0m [33m WARN[0m [2msaga[0m[2m:[0m saga list_running failed: database error: pool timed out while waiting for an open connection
[2m2026-09-09T07:44:25.794383Z[0m [33m WARN[0m [2msaga[0m[2m:[0m saga list_running failed: database error: pool timed out while waiting for an open connection
[2m2026-09-09T07:45:00.823017Z[0m [33m WARN[0m [2msaga[0m[2m:[0m saga list_running failed: database error: pool timed out while waiting for an open connection
[2m2026-09-09T07:45:35.848228Z[0m [33m WARN[0m [2msaga[0m[2m:[0m saga list_running failed: database error: pool timed out while waiting for an open connection
[2m2026-09-09T07:46:10.872836Z[0m [33m WARN[0m [2msaga[0m[2m:[0m saga list_running failed: database error: pool timed out while waiting for an open connection
[2m2026-09-09T07:46:45.899330Z[0m [33m WARN[0m [2msaga[0m[2m:[0m saga list_running failed: database error: pool timed out while waiting for an open connection
[2m2026-09-09T07:47:20.923227Z[0m [33m WARN[0m [2msaga[0m[2m:[0m saga list_running failed: database error: pool timed out while waiting for an open connection
[2m2026-09-09T07:47:55.937789Z[0m [33m WARN[0m [2msaga[0m[2m:[0m saga list_running failed: database error: pool timed out while waiting for an open connection
[2m2026-09-09T07:48:30.959915Z[0m [33m WARN[0m [2msaga[0m[2m:[0m saga list_running failed: database error: pool timed out while waiting for an open connection
[2m2026-09-09T07:49:05.982322Z[0m [33m WARN[0m [2msaga[0m[2m:[0m saga list_running failed: database error: pool timed out while waiting for an open connection
[2m2026-09-09T07:49:41.012895Z[0m [33m WARN[0m [2msaga[0m[2m:[0m saga list_running failed: database error: pool timed out while waiting for an open connection
[2m2026-09-09T07:50:16.027358Z[0m [33m WARN[0m [2msaga[0m[2m:[0m saga list_running failed: database error: pool timed out while waiting for an open connection
[2m2026-09-09T07:50:51.034479Z[0m [33m WARN[0m [2msaga[0m[2m:[0m saga list_running failed: database error: pool timed out while waiting for an open connection
[2m2026-09-09T07:51:26.048327Z[0m [33m WARN[0m [2msaga[0m[2m:[0m saga list_running failed: database error: pool timed out while waiting for an open connection
[2m2026-09-09T07:52:01.058907Z[0m [33m WARN[0m [2msaga[0m[2m:[0m saga list_running failed: database error: pool timed out while waiting for an open connection
[2m2026-09-09T07:52:36.077968Z[0m [33m WARN[0m [2msaga[0m[2m:[0m saga list_running failed: database error: pool timed out while waiting for an open connection
[2m2026-09-09T07:53:11.084171Z[0m [33m WARN[0m [2msaga[0m[2m:[0m saga list_running failed: database error: pool timed out while waiting for an open connection
[2m2026-09-09T07:53:46.095363Z[0m [33m WARN[0m [2msaga[0m[2m:[0m saga list_running failed: database error: pool timed out while waiting for an open connection
[2m2026-09-09T07:54:21.104693Z[0m [33m WARN[0m [2msaga[0m[2m:[0m saga list_running failed: database error: pool timed out while waiting for an open connection
[2m2026-09-09T07:54:56.130380Z[0m [33m WARN[0m [2msaga[0m[2m:[0m saga list_running failed: database error: pool timed out while waiting for an open connection
[2m2026-09-09T07:55:31.149391Z[0m [33m WARN[0m [2msaga[0m[2m:[0m saga list_running failed: database error: pool timed out while waiting for an open connection
[2m2026-09-09T07:56:06.174346Z[0m [33m WARN[0m [2msaga[0m[2m:[0m saga list_running failed: database error: pool timed out while waiting for an open connection
[2m2026-09-09T07:56:41.196165Z[0m [33m WARN[0m [2msaga[0m[2m:[0m saga list_running failed: database error: pool timed out while waiting for an open connection
[2m2026-09-09T07:57:16.226798Z[0m [33m WARN[0m [2msaga[0m[2m:[0m saga list_running failed: database error: pool timed out while waiting for an open connection
[2m2026-09-09T07:57:51.259112Z[0m [33m WARN[0m [2msaga[0m[2m:[0m saga list_running failed: database error: pool timed out while waiting for an open connection
[2m2026-09-09T07:58:26.273044Z[0m [33m WARN[0m [2msaga[0m[2m:[0m saga list_running failed: database error: pool timed out while waiting for an open connection
[2m2026-09-09T07:59:01.293253Z[0m [33m WARN[0m [2msaga[0m[2m:[0m saga list_running failed: database error: pool timed out while waiting for an open connection
[2m2026-09-09T07:59:36.320754Z[0m [33m WARN[0m [2msaga[0m[2m:[0m saga list_running failed: database error: pool timed out while waiting for an open connection
[2m2026-09-09T08:00:11.338722Z[0m [33m WARN[0m [2msaga[0m[2m:[0m saga list_running failed: database error: pool timed out while waiting for an open connection
[2m2026-09-09T08:00:46.357741Z[0m [33m WARN[0m [2msaga[0m[2m:[0m saga list_running failed: database error: pool timed out while waiting for an open connection
[2m2026-09-09T08:01:21.387408Z[0m [33m WARN[0m [2msaga[0m[2m:[0m saga list_running failed: database error: pool timed out while waiting for an open connection
[2m2026-09-09T08:01:56.397221Z[0m [33m WARN[0m [2msaga[0m[2m:[0m saga list_running failed: database error: pool timed out while waiting for an open connection
[2m2026-09-09T08:02:31.429836Z[0m [33m WARN[0m [2msaga[0m[2m:[0m saga list_running failed: database error: pool timed out while waiting for an open connection
[2m2026-09-09T08:03:06.440361Z[0m [33m WARN[0m [2msaga[0m[2m:[0m saga list_running failed: database error: pool timed out while waiting for an open connection
[2m2026-09-09T08:03:41.457817Z[0m [33m WARN[0m [2msaga[0m[2m:[0m saga list_running failed: database error: pool timed out while waiting for an open connection
[2m2026-09-09T08:04:16.484971Z[0m [33m WARN[0m [2msaga[0m[2m:[0m saga list_running failed: database error: pool timed out while waiting for an open connection
[2m2026-09-09T08:04:51.502883Z[0m [33m WARN[0m [2msaga[0m[2m:[0m saga list_running failed: database error: pool timed out while waiting for an open connection
[2m2026-09-09T08:05:26.513645Z[0m [33m WARN[0m [2msaga[0m[2m:[0m saga list_running failed: database error: pool timed out while waiting for an open connection
[2m2026-09-09T08:06:01.535294Z[0m [33m WARN[0m [2msaga[0m[2m:[0m saga list_running failed: database error: pool timed out while waiting for an open connection
[2m2026-09-09T08:06:36.694197Z[0m [33m WARN[0m [2msaga[0m[2m:[0m saga list_running failed: database error: pool timed out while waiting for an open connection
[2m2026-09-09T08:07:11.718185Z[0m [33m WARN[0m [2msaga[0m[2m:[0m saga list_running failed: database error: pool timed out while waiting for an open connection
[2m2026-09-09T08:07:46.743824Z[0m [33m WARN[0m [2msaga[0m[2m:[0m saga list_running failed: database error: pool timed out while waiting for an open connection
[2m2026-09-09T08:08:21.768941Z[0m [33m WARN[0m [2msaga[0m[2m:[0m saga list_running failed: database error: pool timed out while waiting for an open connection
[2m2026-09-09T08:08:56.786905Z[0m [33m WARN[0m [2msaga[0m[2m:[0m saga list_running failed: database error: pool timed out while waiting for an open connection
[2m2026-09-09T08:09:31.818089Z[0m [33m WARN[0m [2msaga[0m[2m:[0m saga list_running failed: database error: pool timed out while waiting for an open connection
[2m2026-09-09T08:10:06.830894Z[0m [33m WARN[0m [2msaga[0m[2m:[0m saga list_running failed: database error: pool timed out while waiting for an open connection
[2m2026-09-09T08:10:41.858599Z[0m [33m WARN[0m [2msaga[0m[2m:[0m saga list_running failed: database error: pool timed out while waiting for an open connection
[2m2026-09-09T08:11:16.878047Z[0m [33m WARN[0m [2msaga[0m[2m:[0m saga list_running failed: database error: pool timed out while waiting for an open connection
[2m2026-09-09T08:11:51.896979Z[0m [33m WARN[0m [2msaga[0m[2m:[0m saga list_running failed: database error: pool timed out while waiting for an open connection
[2m2026-09-09T08:12:26.920413Z[0m [33m WARN[0m [2msaga[0m[2m:[0m saga list_running failed: database error: pool timed out while waiting for an open connection
[2m2026-09-09T08:13:01.927416Z[0m [33m WARN[0m [2msaga[0m[2m:[0m saga list_running failed: database error: pool timed out while waiting for an open connection
[2m2026-09-09T08:13:36.947447Z[0m [33m WARN[0m [2msaga[0m[2m:[0m saga list_running failed: database error: pool timed out while waiting for an open connection
[2m2026-09-09T08:14:11.965180Z[0m [33m WARN[0m [2msaga[0m[2m:[0m saga list_running failed: database error: pool timed out while waiting for an open connection
[2m2026-09-09T08:14:46.981383Z[0m [33m WARN[0m [2msaga[0m[2m:[0m saga list_running failed: database error: pool timed out while waiting for an open connection
[2m2026-09-09T08:15:22.005298Z[0m [33m WARN[0m [2msaga[0m[2m:[0m saga list_running failed: database error: pool timed out while waiting for an open connection
[2m2026-09-09T08:15:57.039446Z[0m [33m WARN[0m [2msaga[0m[2m:[0m saga list_running failed: database error: pool timed out while waiting for an open connection
[2m2026-09-09T08:16:32.052239Z[0m [33m WARN[0m [2msaga[0m[2m:[0m saga list_running failed: database error: pool timed out while waiting for an open connection
[2m2026-09-09T08:17:07.063216Z[0m [33m WARN[0m [2msaga[0m[2m:[0m saga list_running failed: database error: pool timed out while waiting for an open connection
[2m2026-09-09T08:17:42.121715Z[0m [33m WARN[0m [2msaga[0m[2m:[0m saga list_running failed: database error: pool timed out while waiting for an open connection
[2m2026-09-09T08:18:17.148485Z[0m [33m WARN[0m [2msaga[0m[2m:[0m saga list_running failed: database error: pool timed out while waiting for an open connection
[2m2026-09-09T08:18:52.155158Z[0m [33m WARN[0m [2msaga[0m[2m:[0m saga list_running failed: database error: pool timed out while waiting for an open connection
[2m2026-09-09T08:19:27.174417Z[0m [33m WARN[0m [2msaga[0m[2m:[0m saga list_running failed: database error: pool timed out while waiting for an open connection
[2m2026-09-09T08:20:02.193689Z[0m [33m WARN[0m [2msaga[0m[2m:[0m saga list_running failed: database error: pool timed out while waiting for an open connection
[2m2026-09-09T08:20:37.219440Z[0m [33m WARN[0m [2msaga[0m[2m:[0m saga list_running failed: database error: pool timed out while waiting for an open connection
[2m2026-09-09T08:21:12.238537Z[0m [33m WARN[0m [2msaga[0m[2m:[0m saga list_running failed: database error: pool timed out while waiting for an open connection
[2m2026-09-09T08:21:47.273395Z[0m [33m WARN[0m [2msaga[0m[2m:[0m saga list_running failed: database error: pool timed out while waiting for an open connection
[2m2026-09-09T08:22:22.451887Z[0m [33m WARN[0m [2msaga[0m[2m:[0m saga list_running failed: database error: pool timed out while waiting for an open connection
[2m2026-09-09T08:22:58.326176Z[0m [33m WARN[0m [2msaga[0m[2m:[0m saga list_running failed: database error: pool timed out while waiting for an open connection
[2m2026-09-09T08:23:33.347972Z[0m [33m WARN[0m [2msaga[0m[2m:[0m saga list_running failed: database error: pool timed out while waiting for an open connection
[2m2026-09-09T08:24:08.840739Z[0m [33m WARN[0m [2msaga[0m[2m:[0m saga list_running failed: database error: pool timed out while waiting for an open connection
[2m2026-09-09T08:24:43.871326Z[0m [33m WARN[0m [2msaga[0m[2m:[0m saga list_running failed: database error: pool timed out while waiting for an open connection
[2m2026-09-09T08:25:18.981360Z[0m [33m WARN[0m [2msaga[0m[2m:[0m saga list_running failed: database error: pool timed out while waiting for an open connection
[2m2026-09-09T08:25:54.044518Z[0m [33m WARN[0m [2msaga[0m[2m:[0m saga list_running failed: database error: pool timed out while waiting for an open connection
[2m2026-09-09T08:26:29.066314Z[0m [33m WARN[0m [2msaga[0m[2m:[0m saga list_running failed: database error: pool timed out while waiting for an open connection
[2m2026-09-09T08:27:04.081521Z[0m [33m WARN[0m [2msaga[0m[2m:[0m saga list_running failed: database error: pool timed out while waiting for an open connection
[2m2026-09-09T08:27:39.204119Z[0m [33m WARN[0m [2msaga[0m[2m:[0m saga list_running failed: database error: pool timed out while waiting for an open connection
[2m2026-09-09T08:28:14.221134Z[0m [33m WARN[0m [2msaga[0m[2m:[0m saga list_running failed: database error: pool timed out while waiting for an open connection
[2m2026-09-09T08:28:49.318663Z[0m [33m WARN[0m [2msaga[0m[2m:[0m saga list_running failed: database error: pool timed out while waiting for an open connection
[2m2026-09-09T08:29:25.020341Z[0m [33m WARN[0m [2msaga[0m[2m:[0m saga list_running failed: database error: pool timed out while waiting for an open connection
[2m2026-09-09T08:30:00.451897Z[0m [33m WARN[0m [2msaga[0m[2m:[0m saga list_running failed: database error: pool timed out while waiting for an open connection
[2m2026-09-09T08:30:35.833831Z[0m [33m WARN[0m [2msaga[0m[2m:[0m saga list_running failed: database error: pool timed out while waiting for an open connection
[2m2026-09-09T08:31:11.385266Z[0m [33m WARN[0m [2msaga[0m[2m:[0m saga list_running failed: database error: pool timed out while waiting for an open connection
[2m2026-09-09T08:31:46.704837Z[0m [33m WARN[0m [2msaga[0m[2m:[0m saga list_running failed: database error: pool timed out while waiting for an open connection
[2m2026-09-09T08:32:22.093928Z[0m [33m WARN[0m [2msaga[0m[2m:[0m saga list_running failed: database error: pool timed out while waiting for an open connection
[2m2026-09-09T08:32:57.144601Z[0m [33m WARN[0m [2msaga[0m[2m:[0m saga list_running failed: database error: pool timed out while waiting for an open connection
[2m2026-09-09T08:33:32.383153Z[0m [33m WARN[0m [2msaga[0m[2m:[0m saga list_running failed: database error: pool timed out while waiting for an open connection
[2m2026-09-09T08:34:07.599451Z[0m [33m WARN[0m [2msaga[0m[2m:[0m saga list_running failed: database error: pool timed out while waiting for an open connection
[2m2026-09-09T08:34:42.872112Z[0m [33m WARN[0m [2msaga[0m[2m:[0m saga list_running failed: database error: pool timed out while waiting for an open connection
[2m2026-09-09T08:35:17.933731Z[0m [33m WARN[0m [2msaga[0m[2m:[0m saga list_running failed: database error: pool timed out while waiting for an open connection
[2m2026-09-09T08:35:53.032088Z[0m [33m WARN[0m [2msaga[0m[2m:[0m saga list_running failed: database error: pool timed out while waiting for an open connection
[2m2026-09-09T08:36:28.419336Z[0m [33m WARN[0m [2msaga[0m[2m:[0m saga list_running failed: database error: pool timed out while waiting for an open connection
[2m2026-09-09T08:37:03.782244Z[0m [33m WARN[0m [2msaga[0m[2m:[0m saga list_running failed: database error: pool timed out while waiting for an open connection
[2m2026-09-09T08:37:38.931761Z[0m [33m WARN[0m [2msaga[0m[2m:[0m saga list_running failed: database error: pool timed out while waiting for an open connection
[2m2026-09-09T08:38:13.964392Z[0m [33m WARN[0m [2msaga[0m[2m:[0m saga list_running failed: database error: pool timed out while waiting for an open connection
[2m2026-09-09T08:38:49.687440Z[0m [33m WARN[0m [2msaga[0m[2m:[0m saga list_running failed: database error: pool timed out while waiting for an open connection
[2m2026-09-09T08:39:25.613859Z[0m [33m WARN[0m [2msaga[0m[2m:[0m saga list_running failed: database error: pool timed out while waiting for an open connection
[2m2026-09-09T08:40:01.922676Z[0m [33m WARN[0m [2msaga[0m[2m:[0m saga list_running failed: database error: pool timed out while waiting for an open connection
[2m2026-09-09T08:40:38.331138Z[0m [33m WARN[0m [2msaga[0m[2m:[0m saga list_running failed: database error: pool timed out while waiting for an open connection
[2m2026-09-09T08:41:14.875999Z[0m [33m WARN[0m [2msaga[0m[2m:[0m saga list_running failed: database error: pool timed out while waiting for an open connection
[2m2026-09-09T08:41:50.419434Z[0m [33m WARN[0m [2msaga[0m[2m:[0m saga list_running failed: database error: pool timed out while waiting for an open connection
[2m2026-09-09T08:42:26.245388Z[0m [33m WARN[0m [2msaga[0m[2m:[0m saga list_running failed: database error: pool timed out while waiting for an open connection
[2m2026-09-09T08:43:01.654296Z[0m [33m WARN[0m [2msaga[0m[2m:[0m saga list_running failed: database error: pool timed out while waiting for an open connection
[2m2026-09-09T08:43:36.689163Z[0m [33m WARN[0m [2msaga[0m[2m:[0m saga list_running failed: database error: pool timed out while waiting for an open connection
[2m2026-09-09T08:44:12.742194Z[0m [33m WARN[0m [2msaga[0m[2m:[0m saga list_running failed: database error: pool timed out while waiting for an open connection
[2m2026-09-09T08:44:48.269818Z[0m [33m WARN[0m [2msaga[0m[2m:[0m saga list_running failed: database error: pool timed out while waiting for an open connection
[2m2026-09-09T08:45:24.033439Z[0m [33m WARN[0m [2msaga[0m[2m:[0m saga list_running failed: database error: pool timed out while waiting for an open connection
[2m2026-09-09T08:45:59.081065Z[0m [33m WARN[0m [2msaga[0m[2m:[0m saga list_running failed: database error: pool timed out while waiting for an open connection
[2m2026-09-09T08:46:34.183833Z[0m [33m WARN[0m [2msaga[0m[2m:[0m saga list_running failed: database error: pool timed out while waiting for an open connection
[2m2026-09-09T08:47:09.652631Z[0m [33m WARN[0m [2msaga[0m[2m:[0m saga list_running failed: database error: pool timed out while waiting for an open connection
[2m2026-09-09T08:47:44.776096Z[0m [33m WARN[0m [2msaga[0m[2m:[0m saga list_running failed: database error: pool timed out while waiting for an open connection
[2m2026-09-09T08:48:20.200927Z[0m [33m WARN[0m [2msaga[0m[2m:[0m saga list_running failed: database error: pool timed out while waiting for an open connection
[2m2026-09-09T08:48:55.232279Z[0m [33m WARN[0m [2msaga[0m[2m:[0m saga list_running failed: database error: pool timed out while waiting for an open connection
[2m2026-09-09T08:49:31.419280Z[0m [33m WARN[0m [2msaga[0m[2m:[0m saga list_running failed: database error: pool timed out while waiting for an open connection
[2m2026-09-09T08:50:06.432213Z[0m [33m WARN[0m [2msaga[0m[2m:[0m saga list_running failed: database error: pool timed out while waiting for an open connection
[2m2026-09-09T08:50:41.455224Z[0m [33m WARN[0m [2msaga[0m[2m:[0m saga list_running failed: database error: pool timed out while waiting for an open connection
[2m2026-09-09T08:51:16.473543Z[0m [33m WARN[0m [2msaga[0m[2m:[0m saga list_running failed: database error: pool timed out while waiting for an open connection
[2m2026-09-09T08:51:51.503961Z[0m [33m WARN[0m [2msaga[0m[2m:[0m saga list_running failed: database error: pool timed out while waiting for an open connection
[2m2026-09-09T08:52:26.517760Z[0m [33m WARN[0m [2msaga[0m[2m:[0m saga list_running failed: database error: pool timed out while waiting for an open connection
[2m2026-09-09T08:53:01.546363Z[0m [33m WARN[0m [2msaga[0m[2m:[0m saga list_running failed: database error: pool timed out while waiting for an open connection
[2m2026-09-09T08:53:36.578441Z[0m [33m WARN[0m [2msaga[0m[2m:[0m saga list_running failed: database error: pool timed out while waiting for an open connection
[2m2026-09-09T08:54:11.601973Z[0m [33m WARN[0m [2msaga[0m[2m:[0m saga list_running failed: database error: pool timed out while waiting for an open connection
[2m2026-09-09T08:54:46.615111Z[0m [33m WARN[0m [2msaga[0m[2m:[0m saga list_running failed: database error: pool timed out while waiting for an open connection
[2m2026-09-09T08:55:21.623584Z[0m [33m WARN[0m [2msaga[0m[2m:[0m saga list_running failed: database error: pool timed out while waiting for an open connection
[2m2026-09-09T08:55:56.645535Z[0m [33m WARN[0m [2msaga[0m[2m:[0m saga list_running failed: database error: pool timed out while waiting for an open connection
[2m2026-09-09T08:56:31.661190Z[0m [33m WARN[0m [2msaga[0m[2m:[0m saga list_running failed: database error: pool timed out while waiting for an open connection
[2m2026-09-09T08:57:06.705383Z[0m [33m WARN[0m [2msaga[0m[2m:[0m saga list_running failed: database error: pool timed out while waiting for an open connection
[2m2026-09-09T08:57:41.716855Z[0m [33m WARN[0m [2msaga[0m[2m:[0m saga list_running failed: database error: pool timed out while waiting for an open connection
[2m2026-09-09T08:58:16.724526Z[0m [33m WARN[0m [2msaga[0m[2m:[0m saga list_running failed: database error: pool timed out while waiting for an open connection
[2m2026-09-09T08:58:51.734628Z[0m [33m WARN[0m [2msaga[0m[2m:[0m saga list_running failed: database error: pool timed out while waiting for an open connection
[2m2026-09-09T08:59:26.763971Z[0m [33m WARN[0m [2msaga[0m[2m:[0m saga list_running failed: database error: pool timed out while waiting for an open connection
[2m2026-09-09T09:00:01.791204Z[0m [33m WARN[0m [2msaga[0m[2m:[0m saga list_running failed: database error: pool timed out while waiting for an open connection
[2m2026-09-09T09:00:36.831076Z[0m [33m WARN[0m [2msaga[0m[2m:[0m saga list_running failed: database error: pool timed out while waiting for an open connection
[2m2026-09-09T09:01:11.860640Z[0m [33m WARN[0m [2msaga[0m[2m:[0m saga list_running failed: database error: pool timed out while waiting for an open connection
[2m2026-09-09T09:01:46.866681Z[0m [33m WARN[0m [2msaga[0m[2m:[0m saga list_running failed: database error: pool timed out while waiting for an open connection
[2m2026-09-09T09:02:21.880787Z[0m [33m WARN[0m [2msaga[0m[2m:[0m saga list_running failed: database error: pool timed out while waiting for an open connection
[2m2026-09-09T09:02:56.887719Z[0m [33m WARN[0m [2msaga[0m[2m:[0m saga list_running failed: database error: pool timed out while waiting for an open connection
[2m2026-09-09T09:03:31.902372Z[0m [33m WARN[0m [2msaga[0m[2m:[0m saga list_running failed: database error: pool timed out while waiting for an open connection
[2m2026-09-09T09:04:06.921717Z[0m [33m WARN[0m [2msaga[0m[2m:[0m saga list_running failed: database error: pool timed out while waiting for an open connection
[2m2026-09-09T09:04:41.945959Z[0m [33m WARN[0m [2msaga[0m[2m:[0m saga list_running failed: database error: pool timed out while waiting for an open connection
[2m2026-09-09T09:05:16.962870Z[0m [33m WARN[0m [2msaga[0m[2m:[0m saga list_running failed: database error: pool timed out while waiting for an open connection
[2m2026-09-09T09:05:51.988200Z[0m [33m WARN[0m [2msaga[0m[2m:[0m saga list_running failed: database error: pool timed out while waiting for an open connection
[2m2026-09-09T09:06:27.022417Z[0m [33m WARN[0m [2msaga[0m[2m:[0m saga list_running failed: database error: pool timed out while waiting for an open connection
[2m2026-09-09T09:07:02.032423Z[0m [33m WARN[0m [2msaga[0m[2m:[0m saga list_running failed: database error: pool timed out while waiting for an open connection
[2m2026-09-09T09:07:37.036810Z[0m [33m WARN[0m [2msaga[0m[2m:[0m saga list_running failed: database error: pool timed out while waiting for an open connection
[2m2026-09-09T09:08:12.058387Z[0m [33m WARN[0m [2msaga[0m[2m:[0m saga list_running failed: database error: pool timed out while waiting for an open connection
[2m2026-09-09T09:08:47.078100Z[0m [33m WARN[0m [2msaga[0m[2m:[0m saga list_running failed: database error: pool timed out while waiting for an open connection
[2m2026-09-09T09:09:22.092831Z[0m [33m WARN[0m [2msaga[0m[2m:[0m saga list_running failed: database error: pool timed out while waiting for an open connection
[2m2026-09-09T09:09:57.102819Z[0m [33m WARN[0m [2msaga[0m[2m:[0m saga list_running failed: database error: pool timed out while waiting for an open connection
[2m2026-09-09T09:10:32.115014Z[0m [33m WARN[0m [2msaga[0m[2m:[0m saga list_running failed: database error: pool timed out while waiting for an open connection
[2m2026-09-09T09:11:07.134428Z[0m [33m WARN[0m [2msaga[0m[2m:[0m saga list_running failed: database error: pool timed out while waiting for an open connection
[2m2026-09-09T09:11:42.147210Z[0m [33m WARN[0m [2msaga[0m[2m:[0m saga list_running failed: database error: pool timed out while waiting for an open connection
[2m2026-09-09T09:12:17.164020Z[0m [33m WARN[0m [2msaga[0m[2m:[0m saga list_running failed: database error: pool timed out while waiting for an open connection
[2m2026-09-09T09:12:52.182263Z[0m [33m WARN[0m [2msaga[0m[2m:[0m saga list_running failed: database error: pool timed out while waiting for an open connection
[2m2026-09-09T09:13:27.203670Z[0m [33m WARN[0m [2msaga[0m[2m:[0m saga list_running failed: database error: pool timed out while waiting for an open connection
[2m2026-09-09T09:14:02.218237Z[0m [33m WARN[0m [2msaga[0m[2m:[0m saga list_running failed: database error: pool timed out while waiting for an open connection
[2m2026-09-09T09:14:37.235537Z[0m [33m WARN[0m [2msaga[0m[2m:[0m saga list_running failed: database error: pool timed out while waiting for an open connection
[2m2026-09-09T09:15:12.253545Z[0m [33m WARN[0m [2msaga[0m[2m:[0m saga list_running failed: database error: pool timed out while waiting for an open connection
[2m2026-09-09T09:15:47.277604Z[0m [33m WARN[0m [2msaga[0m[2m:[0m saga list_running failed: database error: pool timed out while waiting for an open connection
[2m2026-09-09T09:16:22.292493Z[0m [33m WARN[0m [2msaga[0m[2m:[0m saga list_running failed: database error: pool timed out while waiting for an open connection
[2m2026-09-09T09:16:57.307968Z[0m [33m WARN[0m [2msaga[0m[2m:[0m saga list_running failed: database error: pool timed out while waiting for an open connection
[2m2026-09-09T09:17:32.334159Z[0m [33m WARN[0m [2msaga[0m[2m:[0m saga list_running failed: database error: pool timed out while waiting for an open connection
[2m2026-09-09T09:18:07.350647Z[0m [33m WARN[0m [2msaga[0m[2m:[0m saga list_running failed: database error: pool timed out while waiting for an open connection
[2m2026-09-09T09:18:42.364130Z[0m [33m WARN[0m [2msaga[0m[2m:[0m saga list_running failed: database error: pool timed out while waiting for an open connection
[2m2026-09-09T09:19:17.374763Z[0m [33m WARN[0m [2msaga[0m[2m:[0m saga list_running failed: database error: pool timed out while waiting for an open connection
[2m2026-09-09T09:19:52.383870Z[0m [33m WARN[0m [2msaga[0m[2m:[0m saga list_running failed: database error: pool timed out while waiting for an open connection
[2m2026-09-09T09:20:27.411226Z[0m [33m WARN[0m [2msaga[0m[2m:[0m saga list_running failed: database error: pool timed out while waiting for an open connection
[2m2026-09-09T09:21:02.438502Z[0m [33m WARN[0m [2msaga[0m[2m:[0m saga list_running failed: database error: pool timed out while waiting for an open connection
[2m2026-09-09T09:21:37.449275Z[0m [33m WARN[0m [2msaga[0m[2m:[0m saga list_running failed: database error: pool timed out while waiting for an open connection
[2m2026-09-09T09:22:12.457104Z[0m [33m WARN[0m [2msaga[0m[2m:[0m saga list_running failed: database error: pool timed out while waiting for an open connection
[2m2026-09-09T09:22:47.469749Z[0m [33m WARN[0m [2msaga[0m[2m:[0m saga list_running failed: database error: pool timed out while waiting for an open connection
[2m2026-09-09T09:23:22.503295Z[0m [33m WARN[0m [2msaga[0m[2m:[0m saga list_running failed: database error: pool timed out while waiting for an open connection
[2m2026-09-09T09:23:57.525033Z[0m [33m WARN[0m [2msaga[0m[2m:[0m saga list_running failed: database error: pool timed out while waiting for an open connection
[2m2026-09-09T09:24:32.544587Z[0m [33m WARN[0m [2msaga[0m[2m:[0m saga list_running failed: database error: pool timed out while waiting for an open connection
[2m2026-09-09T09:25:07.568159Z[0m [33m WARN[0m [2msaga[0m[2m:[0m saga list_running failed: database error: pool timed out while waiting for an open connection
[2m2026-09-09T09:25:42.591699Z[0m [33m WARN[0m [2msaga[0m[2m:[0m saga list_running failed: database error: pool timed out while waiting for an open connection
[2m2026-09-09T09:26:17.614593Z[0m [33m WARN[0m [2msaga[0m[2m:[0m saga list_running failed: database error: pool timed out while waiting for an open connection
[2m2026-09-09T09:26:52.633900Z[0m [33m WARN[0m [2msaga[0m[2m:[0m saga list_running failed: database error: pool timed out while waiting for an open connection
[2m2026-09-09T09:27:27.653214Z[0m [33m WARN[0m [2msaga[0m[2m:[0m saga list_running failed: database error: pool timed out while waiting for an open connection
[2m2026-09-09T09:28:02.679649Z[0m [33m WARN[0m [2msaga[0m[2m:[0m saga list_running failed: database error: pool timed out while waiting for an open connection
[2m2026-09-09T09:28:37.700108Z[0m [33m WARN[0m [2msaga[0m[2m:[0m saga list_running failed: database error: pool timed out while waiting for an open connection
[2m2026-09-09T09:29:12.726540Z[0m [33m WARN[0m [2msaga[0m[2m:[0m saga list_running failed: database error: pool timed out while waiting for an open connection
[2m2026-09-09T09:29:47.758428Z[0m [33m WARN[0m [2msaga[0m[2m:[0m saga list_running failed: database error: pool timed out while waiting for an open connection
[2m2026-09-09T09:30:22.782964Z[0m [33m WARN[0m [2msaga[0m[2m:[0m saga list_running failed: database error: pool timed out while waiting for an open connection
[2m2026-09-09T09:30:57.807085Z[0m [33m WARN[0m [2msaga[0m[2m:[0m saga list_running failed: database error: pool timed out while waiting for an open connection
[2m2026-09-09T09:31:32.822979Z[0m [33m WARN[0m [2msaga[0m[2m:[0m saga list_running failed: database error: pool timed out while waiting for an open connection
[2m2026-09-09T09:32:07.831653Z[0m [33m WARN[0m [2msaga[0m[2m:[0m saga list_running failed: database error: pool timed out while waiting for an open connection
[2m2026-09-09T09:32:42.855851Z[0m [33m WARN[0m [2msaga[0m[2m:[0m saga list_running failed: database error: pool timed out while waiting for an open connection
[2m2026-09-09T09:33:17.873068Z[0m [33m WARN[0m [2msaga[0m[2m:[0m saga list_running failed: database error: pool timed out while waiting for an open connection
[2m2026-09-09T09:33:52.892006Z[0m [33m WARN[0m [2msaga[0m[2m:[0m saga list_running failed: database error: pool timed out while waiting for an open connection
[2m2026-09-09T09:34:27.925235Z[0m [33m WARN[0m [2msaga[0m[2m:[0m saga list_running failed: database error: pool timed out while waiting for an open connection
[2m2026-09-09T09:35:02.946176Z[0m [33m WARN[0m [2msaga[0m[2m:[0m saga list_running failed: database error: pool timed out while waiting for an open connection
[2m2026-09-09T09:35:37.976731Z[0m [33m WARN[0m [2msaga[0m[2m:[0m saga list_running failed: database error: pool timed out while waiting for an open connection
[2m2026-09-09T09:36:12.996884Z[0m [33m WARN[0m [2msaga[0m[2m:[0m saga list_running failed: database error: pool timed out while waiting for an open connection
[2m2026-09-09T09:36:48.026913Z[0m [33m WARN[0m [2msaga[0m[2m:[0m saga list_running failed: database error: pool timed out while waiting for an open connection
[2m2026-09-09T09:37:23.046294Z[0m [33m WARN[0m [2msaga[0m[2m:[0m saga list_running failed: database error: pool timed out while waiting for an open connection
[2m2026-09-09T09:37:58.061214Z[0m [33m WARN[0m [2msaga[0m[2m:[0m saga list_running failed: database error: pool timed out while waiting for an open connection
[2m2026-09-09T09:38:33.085531Z[0m [33m WARN[0m [2msaga[0m[2m:[0m saga list_running failed: database error: pool timed out while waiting for an open connection
[2m2026-09-09T09:39:08.093445Z[0m [33m WARN[0m [2msaga[0m[2m:[0m saga list_running failed: database error: pool timed out while waiting for an open connection
[2m2026-09-09T09:39:43.102350Z[0m [33m WARN[0m [2msaga[0m[2m:[0m saga list_running failed: database error: pool timed out while waiting for an open connection
[2m2026-09-09T09:40:18.125014Z[0m [33m WARN[0m [2msaga[0m[2m:[0m saga list_running failed: database error: pool timed out while waiting for an open connection
[2m2026-09-09T09:40:53.141530Z[0m [33m WARN[0m [2msaga[0m[2m:[0m saga list_running failed: database error: pool timed out while waiting for an open connection
[2m2026-09-09T09:41:28.163562Z[0m [33m WARN[0m [2msaga[0m[2m:[0m saga list_running failed: database error: pool timed out while waiting for an open connection
[2m2026-09-09T09:42:03.187429Z[0m [33m WARN[0m [2msaga[0m[2m:[0m saga list_running failed: database error: pool timed out while waiting for an open connection
[2m2026-09-09T09:42:38.214955Z[0m [33m WARN[0m [2msaga[0m[2m:[0m saga list_running failed: database error: pool timed out while waiting for an open connection
[2m2026-09-09T09:43:13.233103Z[0m [33m WARN[0m [2msaga[0m[2m:[0m saga list_running failed: database error: pool timed out while waiting for an open connection
[2m2026-09-09T09:43:48.261095Z[0m [33m WARN[0m [2msaga[0m[2m:[0m saga list_running failed: database error: pool timed out while waiting for an open connection
[2m2026-09-09T09:44:23.276510Z[0m [33m WARN[0m [2msaga[0m[2m:[0m saga list_running failed: database error: pool timed out while waiting for an open connection
[2m2026-09-09T09:44:58.282916Z[0m [33m WARN[0m [2msaga[0m[2m:[0m saga list_running failed: database error: pool timed out while waiting for an open connection
[2m2026-09-09T09:45:33.292170Z[0m [33m WARN[0m [2msaga[0m[2m:[0m saga list_running failed: database error: pool timed out while waiting for an open connection
[2m2026-09-09T09:46:08.306528Z[0m [33m WARN[0m [2msaga[0m[2m:[0m saga list_running failed: database error: pool timed out while waiting for an open connection
[2m2026-09-09T09:46:43.331570Z[0m [33m WARN[0m [2msaga[0m[2m:[0m saga list_running failed: database error: pool timed out while waiting for an open connection
[2m2026-09-09T09:47:18.346470Z[0m [33m WARN[0m [2msaga[0m[2m:[0m saga list_running failed: database error: pool timed out while waiting for an open connection
[2m2026-09-09T09:47:53.369758Z[0m [33m WARN[0m [2msaga[0m[2m:[0m saga list_running failed: database error: pool timed out while waiting for an open connection
[2m2026-09-09T09:48:28.389592Z[0m [33m WARN[0m [2msaga[0m[2m:[0m saga list_running failed: database error: pool timed out while waiting for an open connection
[2m2026-09-09T09:49:03.410595Z[0m [33m WARN[0m [2msaga[0m[2m:[0m saga list_running failed: database error: pool timed out while waiting for an open connection
[2m2026-09-09T09:49:38.433922Z[0m [33m WARN[0m [2msaga[0m[2m:[0m saga list_running failed: database error: pool timed out while waiting for an open connection
[2m2026-09-09T09:50:13.455204Z[0m [33m WARN[0m [2msaga[0m[2m:[0m saga list_running failed: database error: pool timed out while waiting for an open connection
[2m2026-09-09T09:50:48.471240Z[0m [33m WARN[0m [2msaga[0m[2m:[0m saga list_running failed: database error: pool timed out while waiting for an open connection
[2m2026-09-09T09:51:23.483809Z[0m [33m WARN[0m [2msaga[0m[2m:[0m saga list_running failed: database error: pool timed out while waiting for an open connection
[2m2026-09-09T09:51:58.520948Z[0m [33m WARN[0m [2msaga[0m[2m:[0m saga list_running failed: database error: pool timed out while waiting for an open connection
[2m2026-09-09T09:52:33.534821Z[0m [33m WARN[0m [2msaga[0m[2m:[0m saga list_running failed: database error: pool timed out while waiting for an open connection
[2m2026-09-09T09:53:08.558835Z[0m [33m WARN[0m [2msaga[0m[2m:[0m saga list_running failed: database error: pool timed out while waiting for an open connection
[2m2026-09-09T09:53:43.577020Z[0m [33m WARN[0m [2msaga[0m[2m:[0m saga list_running failed: database error: pool timed out while waiting for an open connection
[2m2026-09-09T09:54:18.592908Z[0m [33m WARN[0m [2msaga[0m[2m:[0m saga list_running failed: database error: pool timed out while waiting for an open connection
[2m2026-09-09T09:54:53.606444Z[0m [33m WARN[0m [2msaga[0m[2m:[0m saga list_running failed: database error: pool timed out while waiting for an open connection
[2m2026-09-09T09:55:28.624633Z[0m [33m WARN[0m [2msaga[0m[2m:[0m saga list_running failed: database error: pool timed out while waiting for an open connection
[2m2026-09-09T09:56:03.643316Z[0m [33m WARN[0m [2msaga[0m[2m:[0m saga list_running failed: database error: pool timed out while waiting for an open connection
[2m2026-09-09T09:56:38.662199Z[0m [33m WARN[0m [2msaga[0m[2m:[0m saga list_running failed: database error: pool timed out while waiting for an open connection
[2m2026-09-09T09:57:13.687161Z[0m [33m WARN[0m [2msaga[0m[2m:[0m saga list_running failed: database error: pool timed out while waiting for an open connection
[2m2026-09-09T09:57:48.717543Z[0m [33m WARN[0m [2msaga[0m[2m:[0m saga list_running failed: database error: pool timed out while waiting for an open connection
[2m2026-09-09T09:58:23.742709Z[0m [33m WARN[0m [2msaga[0m[2m:[0m saga list_running failed: database error: pool timed out while waiting for an open connection
[2m2026-09-09T09:58:58.746398Z[0m [33m WARN[0m [2msaga[0m[2m:[0m saga list_running failed: database error: pool timed out while waiting for an open connection
[2m2026-09-09T09:59:33.766941Z[0m [33m WARN[0m [2msaga[0m[2m:[0m saga list_running failed: database error: pool timed out while waiting for an open connection
[2m2026-09-09T10:00:08.777395Z[0m [33m WARN[0m [2msaga[0m[2m:[0m saga list_running failed: database error: pool timed out while waiting for an open connection
[2m2026-09-09T10:00:43.790433Z[0m [33m WARN[0m [2msaga[0m[2m:[0m saga list_running failed: database error: pool timed out while waiting for an open connection
[2m2026-09-09T10:01:18.799166Z[0m [33m WARN[0m [2msaga[0m[2m:[0m saga list_running failed: database error: pool timed out while waiting for an open connection
[2m2026-09-09T10:01:53.830347Z[0m [33m WARN[0m [2msaga[0m[2m:[0m saga list_running failed: database error: pool timed out while waiting for an open connection
[2m2026-09-09T10:02:28.848496Z[0m [33m WARN[0m [2msaga[0m[2m:[0m saga list_running failed: database error: pool timed out while waiting for an open connection
[2m2026-09-09T10:03:03.879668Z[0m [33m WARN[0m [2msaga[0m[2m:[0m saga list_running failed: database error: pool timed out while waiting for an open connection
[2m2026-09-09T10:03:38.894497Z[0m [33m WARN[0m [2msaga[0m[2m:[0m saga list_running failed: database error: pool timed out while waiting for an open connection
[2m2026-09-09T10:04:13.907280Z[0m [33m WARN[0m [2msaga[0m[2m:[0m saga list_running failed: database error: pool timed out while waiting for an open connection
[2m2026-09-09T10:04:48.932789Z[0m [33m WARN[0m [2msaga[0m[2m:[0m saga list_running failed: database error: pool timed out while waiting for an open connection
[2m2026-09-09T10:05:23.958962Z[0m [33m WARN[0m [2msaga[0m[2m:[0m saga list_running failed: database error: pool timed out while waiting for an open connection
[2m2026-09-09T10:05:58.984508Z[0m [33m WARN[0m [2msaga[0m[2m:[0m saga list_running failed: database error: pool timed out while waiting for an open connection
[2m2026-09-09T10:06:34.000002Z[0m [33m WARN[0m [2msaga[0m[2m:[0m saga list_running failed: database error: pool timed out while waiting for an open connection
[2m2026-09-09T10:07:09.011492Z[0m [33m WARN[0m [2msaga[0m[2m:[0m saga list_running failed: database error: pool timed out while waiting for an open connection
[2m2026-09-09T10:07:44.028196Z[0m [33m WARN[0m [2msaga[0m[2m:[0m saga list_running failed: database error: pool timed out while waiting for an open connection
[2m2026-09-09T10:08:19.046468Z[0m [33m WARN[0m [2msaga[0m[2m:[0m saga list_running failed: database error: pool timed out while waiting for an open connection
[2m2026-09-09T10:08:54.067797Z[0m [33m WARN[0m [2msaga[0m[2m:[0m saga list_running failed: database error: pool timed out while waiting for an open connection
[2m2026-09-09T10:09:29.074232Z[0m [33m WARN[0m [2msaga[0m[2m:[0m saga list_running failed: database error: pool timed out while waiting for an open connection
[2m2026-09-09T10:10:04.096644Z[0m [33m WARN[0m [2msaga[0m[2m:[0m saga list_running failed: database error: pool timed out while waiting for an open connection
[2m2026-09-09T10:10:39.125993Z[0m [33m WARN[0m [2msaga[0m[2m:[0m saga list_running failed: database error: pool timed out while waiting for an open connection
[2m2026-09-09T10:11:14.141334Z[0m [33m WARN[0m [2msaga[0m[2m:[0m saga list_running failed: database error: pool timed out while waiting for an open connection
[2m2026-09-09T10:11:49.164775Z[0m [33m WARN[0m [2msaga[0m[2m:[0m saga list_running failed: database error: pool timed out while waiting for an open connection
[2m2026-09-09T10:12:24.184680Z[0m [33m WARN[0m [2msaga[0m[2m:[0m saga list_running failed: database error: pool timed out while waiting for an open connection
[2m2026-09-09T10:12:59.208782Z[0m [33m WARN[0m [2msaga[0m[2m:[0m saga list_running failed: database error: pool timed out while waiting for an open connection
[2m2026-09-09T10:13:34.236808Z[0m [33m WARN[0m [2msaga[0m[2m:[0m saga list_running failed: database error: pool timed out while waiting for an open connection
[2m2026-09-09T10:14:09.243584Z[0m [33m WARN[0m [2msaga[0m[2m:[0m saga list_running failed: database error: pool timed out while waiting for an open connection
[2m2026-09-09T10:14:44.264423Z[0m [33m WARN[0m [2msaga[0m[2m:[0m saga list_running failed: database error: pool timed out while waiting for an open connection
[2m2026-09-09T10:15:19.291686Z[0m [33m WARN[0m [2msaga[0m[2m:[0m saga list_running failed: database error: pool timed out while waiting for an open connection
[2m2026-09-09T10:15:54.320390Z[0m [33m WARN[0m [2msaga[0m[2m:[0m saga list_running failed: database error: pool timed out while waiting for an open connection
[2m2026-09-09T10:16:29.329865Z[0m [33m WARN[0m [2msaga[0m[2m:[0m saga list_running failed: database error: pool timed out while waiting for an open connection
[2m2026-09-09T10:17:04.339820Z[0m [33m WARN[0m [2msaga[0m[2m:[0m saga list_running failed: database error: pool timed out while waiting for an open connection
[2m2026-09-09T10:17:39.363966Z[0m [33m WARN[0m [2msaga[0m[2m:[0m saga list_running failed: database error: pool timed out while waiting for an open connection
[2m2026-09-09T10:18:14.373582Z[0m [33m WARN[0m [2msaga[0m[2m:[0m saga list_running failed: database error: pool timed out while waiting for an open connection
[2m2026-09-09T10:18:49.405274Z[0m [33m WARN[0m [2msaga[0m[2m:[0m saga list_running failed: database error: pool timed out while waiting for an open connection
[2m2026-09-09T10:19:24.422064Z[0m [33m WARN[0m [2msaga[0m[2m:[0m saga list_running failed: database error: pool timed out while waiting for an open connection
[2m2026-09-09T10:19:59.444914Z[0m [33m WARN[0m [2msaga[0m[2m:[0m saga list_running failed: database error: pool timed out while waiting for an open connection
[2m2026-09-09T10:20:34.468193Z[0m [33m WARN[0m [2msaga[0m[2m:[0m saga list_running failed: database error: pool timed out while waiting for an open connection
[2m2026-09-09T10:21:09.483683Z[0m [33m WARN[0m [2msaga[0m[2m:[0m saga list_running failed: database error: pool timed out while waiting for an open connection
[2m2026-09-09T10:21:44.506696Z[0m [33m WARN[0m [2msaga[0m[2m:[0m saga list_running failed: database error: pool timed out while waiting for an open connection
[2m2026-09-09T10:22:19.533921Z[0m [33m WARN[0m [2msaga[0m[2m:[0m saga list_running failed: database error: pool timed out while waiting for an open connection
[2m2026-09-09T10:22:54.558663Z[0m [33m WARN[0m [2msaga[0m[2m:[0m saga list_running failed: database error: pool timed out while waiting for an open connection
[2m2026-09-09T10:23:29.589187Z[0m [33m WARN[0m [2msaga[0m[2m:[0m saga list_running failed: database error: pool timed out while waiting for an open connection
[2m2026-09-09T10:24:04.608112Z[0m [33m WARN[0m [2msaga[0m[2m:[0m saga list_running failed: database error: pool timed out while waiting for an open connection
[2m2026-09-09T10:24:39.633556Z[0m [33m WARN[0m [2msaga[0m[2m:[0m saga list_running failed: database error: pool timed out while waiting for an open connection
[2m2026-09-09T10:25:14.656751Z[0m [33m WARN[0m [2msaga[0m[2m:[0m saga list_running failed: database error: pool timed out while waiting for an open connection
[2m2026-09-09T10:25:49.677363Z[0m [33m WARN[0m [2msaga[0m[2m:[0m saga list_running failed: database error: pool timed out while waiting for an open connection
[2m2026-09-09T10:26:24.700952Z[0m [33m WARN[0m [2msaga[0m[2m:[0m saga list_running failed: database error: pool timed out while waiting for an open connection
[2m2026-09-09T10:26:59.724334Z[0m [33m WARN[0m [2msaga[0m[2m:[0m saga list_running failed: database error: pool timed out while waiting for an open connection
[2m2026-09-09T10:27:34.738700Z[0m [33m WARN[0m [2msaga[0m[2m:[0m saga list_running failed: database error: pool timed out while waiting for an open connection
[2m2026-09-09T10:28:09.758873Z[0m [33m WARN[0m [2msaga[0m[2m:[0m saga list_running failed: database error: pool timed out while waiting for an open connection
[2m2026-09-09T10:28:44.771231Z[0m [33m WARN[0m [2msaga[0m[2m:[0m saga list_running failed: database error: pool timed out while waiting for an open connection
[2m2026-09-09T10:29:19.795681Z[0m [33m WARN[0m [2msaga[0m[2m:[0m saga list_running failed: database error: pool timed out while waiting for an open connection
[2m2026-09-09T10:29:54.810746Z[0m [33m WARN[0m [2msaga[0m[2m:[0m saga list_running failed: database error: pool timed out while waiting for an open connection
[2m2026-09-09T10:30:29.833597Z[0m [33m WARN[0m [2msaga[0m[2m:[0m saga list_running failed: database error: pool timed out while waiting for an open connection
[2m2026-09-09T10:31:04.851966Z[0m [33m WARN[0m [2msaga[0m[2m:[0m saga list_running failed: database error: pool timed out while waiting for an open connection
[2m2026-09-09T10:31:39.878836Z[0m [33m WARN[0m [2msaga[0m[2m:[0m saga list_running failed: database error: pool timed out while waiting for an open connection
[2m2026-09-09T10:32:14.915371Z[0m [33m WARN[0m [2msaga[0m[2m:[0m saga list_running failed: database error: pool timed out while waiting for an open connection
[2m2026-09-09T10:32:49.939623Z[0m [33m WARN[0m [2msaga[0m[2m:[0m saga list_running failed: database error: pool timed out while waiting for an open connection
[2m2026-09-09T10:33:24.962003Z[0m [33m WARN[0m [2msaga[0m[2m:[0m saga list_running failed: database error: pool timed out while waiting for an open connection
[2m2026-09-09T10:33:59.983372Z[0m [33m WARN[0m [2msaga[0m[2m:[0m saga list_running failed: database error: pool timed out while waiting for an open connection
[2m2026-09-09T10:34:35.008227Z[0m [33m WARN[0m [2msaga[0m[2m:[0m saga list_running failed: database error: pool timed out while waiting for an open connection
[2m2026-09-09T10:35:10.032451Z[0m [33m WARN[0m [2msaga[0m[2m:[0m saga list_running failed: database error: pool timed out while waiting for an open connection
[2m2026-09-09T10:35:45.066380Z[0m [33m WARN[0m [2msaga[0m[2m:[0m saga list_running failed: database error: pool timed out while waiting for an open connection
[2m2026-09-09T10:36:20.076849Z[0m [33m WARN[0m [2msaga[0m[2m:[0m saga list_running failed: database error: pool timed out while waiting for an open connection
[2m2026-09-09T10:36:55.091182Z[0m [33m WARN[0m [2msaga[0m[2m:[0m saga list_running failed: database error: pool timed out while waiting for an open connection
[2m2026-09-09T10:37:30.110590Z[0m [33m WARN[0m [2msaga[0m[2m:[0m saga list_running failed: database error: pool timed out while waiting for an open connection
[2m2026-09-09T10:38:05.134772Z[0m [33m WARN[0m [2msaga[0m[2m:[0m saga list_running failed: database error: pool timed out while waiting for an open connection
[2m2026-09-09T10:38:40.162029Z[0m [33m WARN[0m [2msaga[0m[2m:[0m saga list_running failed: database error: pool timed out while waiting for an open connection
[2m2026-09-09T10:39:15.185373Z[0m [33m WARN[0m [2msaga[0m[2m:[0m saga list_running failed: database error: pool timed out while waiting for an open connection
[2m2026-09-09T10:39:50.195553Z[0m [33m WARN[0m [2msaga[0m[2m:[0m saga list_running failed: database error: pool timed out while waiting for an open connection
[2m2026-09-09T10:40:25.210484Z[0m [33m WARN[0m [2msaga[0m[2m:[0m saga list_running failed: database error: pool timed out while waiting for an open connection
[2m2026-09-09T10:41:00.219608Z[0m [33m WARN[0m [2msaga[0m[2m:[0m saga list_running failed: database error: pool timed out while waiting for an open connection
[2m2026-09-09T10:41:35.226890Z[0m [33m WARN[0m [2msaga[0m[2m:[0m saga list_running failed: database error: pool timed out while waiting for an open connection
[2m2026-09-09T10:42:10.236957Z[0m [33m WARN[0m [2msaga[0m[2m:[0m saga list_running failed: database error: pool timed out while waiting for an open connection
[2m2026-09-09T10:42:45.258325Z[0m [33m WARN[0m [2msaga[0m[2m:[0m saga list_running failed: database error: pool timed out while waiting for an open connection
[2m2026-09-09T10:43:20.267666Z[0m [33m WARN[0m [2msaga[0m[2m:[0m saga list_running failed: database error: pool timed out while waiting for an open connection
[2m2026-09-09T10:43:55.286103Z[0m [33m WARN[0m [2msaga[0m[2m:[0m saga list_running failed: database error: pool timed out while waiting for an open connection
[2m2026-09-09T10:44:30.327272Z[0m [33m WARN[0m [2msaga[0m[2m:[0m saga list_running failed: database error: pool timed out while waiting for an open connection
[2m2026-09-09T10:45:05.344653Z[0m [33m WARN[0m [2msaga[0m[2m:[0m saga list_running failed: database error: pool timed out while waiting for an open connection
[2m2026-09-09T10:45:40.376774Z[0m [33m WARN[0m [2msaga[0m[2m:[0m saga list_running failed: database error: pool timed out while waiting for an open connection
[2m2026-09-09T10:46:15.393659Z[0m [33m WARN[0m [2msaga[0m[2m:[0m saga list_running failed: database error: pool timed out while waiting for an open connection
[2m2026-09-09T10:46:50.417287Z[0m [33m WARN[0m [2msaga[0m[2m:[0m saga list_running failed: database error: pool timed out while waiting for an open connection
[2m2026-09-09T10:47:25.484169Z[0m [33m WARN[0m [2msaga[0m[2m:[0m saga list_running failed: database error: pool timed out while waiting for an open connection
[2m2026-09-09T10:48:00.502713Z[0m [33m WARN[0m [2msaga[0m[2m:[0m saga list_running failed: database error: pool timed out while waiting for an open connection
[2m2026-09-09T10:48:35.549212Z[0m [33m WARN[0m [2msaga[0m[2m:[0m saga list_running failed: database error: pool timed out while waiting for an open connection
[2m2026-09-09T10:49:10.565846Z[0m [33m WARN[0m [2msaga[0m[2m:[0m saga list_running failed: database error: pool timed out while waiting for an open connection
[2m2026-09-09T10:49:45.590200Z[0m [33m WARN[0m [2msaga[0m[2m:[0m saga list_running failed: database error: pool timed out while waiting for an open connection
[2m2026-09-09T10:50:20.627453Z[0m [33m WARN[0m [2msaga[0m[2m:[0m saga list_running failed: database error: pool timed out while waiting for an open connection
[2m2026-09-09T10:50:55.659582Z[0m [33m WARN[0m [2msaga[0m[2m:[0m saga list_running failed: database error: pool timed out while waiting for an open connection
[2m2026-09-09T10:51:30.689030Z[0m [33m WARN[0m [2msaga[0m[2m:[0m saga list_running failed: database error: pool timed out while waiting for an open connection
[2m2026-09-09T10:52:05.719122Z[0m [33m WARN[0m [2msaga[0m[2m:[0m saga list_running failed: database error: pool timed out while waiting for an open connection
[2m2026-09-09T10:52:40.736549Z[0m [33m WARN[0m [2msaga[0m[2m:[0m saga list_running failed: database error: pool timed out while waiting for an open connection
[2m2026-09-09T10:53:15.772112Z[0m [33m WARN[0m [2msaga[0m[2m:[0m saga list_running failed: database error: pool timed out while waiting for an open connection
[2m2026-09-09T10:53:50.788122Z[0m [33m WARN[0m [2msaga[0m[2m:[0m saga list_running failed: database error: pool timed out while waiting for an open connection
[2m2026-09-09T10:54:25.820917Z[0m [33m WARN[0m [2msaga[0m[2m:[0m saga list_running failed: database error: pool timed out while waiting for an open connection
[2m2026-09-09T10:55:00.848047Z[0m [33m WARN[0m [2msaga[0m[2m:[0m saga list_running failed: database error: pool timed out while waiting for an open connection
[2m2026-09-09T10:55:35.882850Z[0m [33m WARN[0m [2msaga[0m[2m:[0m saga list_running failed: database error: pool timed out while waiting for an open connection
[2m2026-09-09T10:56:10.896195Z[0m [33m WARN[0m [2msaga[0m[2m:[0m saga list_running failed: database error: pool timed out while waiting for an open connection
[2m2026-09-09T10:56:45.918103Z[0m [33m WARN[0m [2msaga[0m[2m:[0m saga list_running failed: database error: pool timed out while waiting for an open connection
[2m2026-09-09T10:57:20.944847Z[0m [33m WARN[0m [2msaga[0m[2m:[0m saga list_running failed: database error: pool timed out while waiting for an open connection
[2m2026-09-09T10:57:55.980963Z[0m [33m WARN[0m [2msaga[0m[2m:[0m saga list_running failed: database error: pool timed out while waiting for an open connection
[2m2026-09-09T10:58:31.011041Z[0m [33m WARN[0m [2msaga[0m[2m:[0m saga list_running failed: database error: pool timed out while waiting for an open connection
[2m2026-09-09T10:59:06.043870Z[0m [33m WARN[0m [2msaga[0m[2m:[0m saga list_running failed: database error: pool timed out while waiting for an open connection
[2m2026-09-09T10:59:41.068300Z[0m [33m WARN[0m [2msaga[0m[2m:[0m saga list_running failed: database error: pool timed out while waiting for an open connection
[2m2026-09-09T11:00:16.086748Z[0m [33m WARN[0m [2msaga[0m[2m:[0m saga list_running failed: database error: pool timed out while waiting for an open connection
[2m2026-09-09T11:00:51.100920Z[0m [33m WARN[0m [2msaga[0m[2m:[0m saga list_running failed: database error: pool timed out while waiting for an open connection
[2m2026-09-09T11:01:26.165905Z[0m [33m WARN[0m [2msaga[0m[2m:[0m saga list_running failed: database error: pool timed out while waiting for an open connection
[2m2026-09-09T11:02:01.204837Z[0m [33m WARN[0m [2msaga[0m[2m:[0m saga list_running failed: database error: pool timed out while waiting for an open connection
[2m2026-09-09T11:02:36.244416Z[0m [33m WARN[0m [2msaga[0m[2m:[0m saga list_running failed: database error: pool timed out while waiting for an open connection
[2m2026-09-09T11:03:11.275430Z[0m [33m WARN[0m [2msaga[0m[2m:[0m saga list_running failed: database error: pool timed out while waiting for an open connection
[2m2026-09-09T11:03:46.293604Z[0m [33m WARN[0m [2msaga[0m[2m:[0m saga list_running failed: database error: pool timed out while waiting for an open connection
[2m2026-09-09T11:04:21.313397Z[0m [33m WARN[0m [2msaga[0m[2m:[0m saga list_running failed: database error: pool timed out while waiting for an open connection
[2m2026-09-09T11:04:56.340664Z[0m [33m WARN[0m [2msaga[0m[2m:[0m saga list_running failed: database error: pool timed out while waiting for an open connection
[2m2026-09-09T11:05:31.351612Z[0m [33m WARN[0m [2msaga[0m[2m:[0m saga list_running failed: database error: pool timed out while waiting for an open connection
[2m2026-09-09T11:06:06.360545Z[0m [33m WARN[0m [2msaga[0m[2m:[0m saga list_running failed: database error: pool timed out while waiting for an open connection
[2m2026-09-09T11:06:41.377770Z[0m [33m WARN[0m [2msaga[0m[2m:[0m saga list_running failed: database error: pool timed out while waiting for an open connection
[2m2026-09-09T11:07:16.402945Z[0m [33m WARN[0m [2msaga[0m[2m:[0m saga list_running failed: database error: pool timed out while waiting for an open connection
[2m2026-09-09T11:07:51.421884Z[0m [33m WARN[0m [2msaga[0m[2m:[0m saga list_running failed: database error: pool timed out while waiting for an open connection
[2m2026-09-09T11:08:26.442370Z[0m [33m WARN[0m [2msaga[0m[2m:[0m saga list_running failed: database error: pool timed out while waiting for an open connection
[2m2026-09-09T11:09:01.465762Z[0m [33m WARN[0m [2msaga[0m[2m:[0m saga list_running failed: database error: pool timed out while waiting for an open connection
[2m2026-09-09T11:09:36.482046Z[0m [33m WARN[0m [2msaga[0m[2m:[0m saga list_running failed: database error: pool timed out while waiting for an open connection
[2m2026-09-09T11:10:11.505420Z[0m [33m WARN[0m [2msaga[0m[2m:[0m saga list_running failed: database error: pool timed out while waiting for an open connection
[2m2026-09-09T11:10:46.520235Z[0m [33m WARN[0m [2msaga[0m[2m:[0m saga list_running failed: database error: pool timed out while waiting for an open connection
[2m2026-09-09T11:11:21.538631Z[0m [33m WARN[0m [2msaga[0m[2m:[0m saga list_running failed: database error: pool timed out while waiting for an open connection
[2m2026-09-09T11:11:56.561525Z[0m [33m WARN[0m [2msaga[0m[2m:[0m saga list_running failed: database error: pool timed out while waiting for an open connection
[2m2026-09-09T11:12:31.574450Z[0m [33m WARN[0m [2msaga[0m[2m:[0m saga list_running failed: database error: pool timed out while waiting for an open connection
[2m2026-09-09T11:13:06.599400Z[0m [33m WARN[0m [2msaga[0m[2m:[0m saga list_running failed: database error: pool timed out while waiting for an open connection
[2m2026-09-09T11:13:41.607906Z[0m [33m WARN[0m [2msaga[0m[2m:[0m saga list_running failed: database error: pool timed out while waiting for an open connection
[2m2026-09-09T11:14:16.631887Z[0m [33m WARN[0m [2msaga[0m[2m:[0m saga list_running failed: database error: pool timed out while waiting for an open connection
[2m2026-09-09T11:14:51.655517Z[0m [33m WARN[0m [2msaga[0m[2m:[0m saga list_running failed: database error: pool timed out while waiting for an open connection
[2m2026-09-09T11:15:26.680177Z[0m [33m WARN[0m [2msaga[0m[2m:[0m saga list_running failed: database error: pool timed out while waiting for an open connection
[2m2026-09-09T11:16:01.697332Z[0m [33m WARN[0m [2msaga[0m[2m:[0m saga list_running failed: database error: pool timed out while waiting for an open connection
[2m2026-09-09T11:16:36.708711Z[0m [33m WARN[0m [2msaga[0m[2m:[0m saga list_running failed: database error: pool timed out while waiting for an open connection
[2m2026-09-09T11:17:11.720640Z[0m [33m WARN[0m [2msaga[0m[2m:[0m saga list_running failed: database error: pool timed out while waiting for an open connection
[2m2026-09-09T11:17:46.746955Z[0m [33m WARN[0m [2msaga[0m[2m:[0m saga list_running failed: database error: pool timed out while waiting for an open connection
[2m2026-09-09T11:18:21.753449Z[0m [33m WARN[0m [2msaga[0m[2m:[0m saga list_running failed: database error: pool timed out while waiting for an open connection
[2m2026-09-09T11:18:56.777073Z[0m [33m WARN[0m [2msaga[0m[2m:[0m saga list_running failed: database error: pool timed out while waiting for an open connection
[2m2026-09-09T11:19:31.801695Z[0m [33m WARN[0m [2msaga[0m[2m:[0m saga list_running failed: database error: pool timed out while waiting for an open connection
[2m2026-09-09T11:20:06.827503Z[0m [33m WARN[0m [2msaga[0m[2m:[0m saga list_running failed: database error: pool timed out while waiting for an open connection
[2m2026-09-09T11:20:41.855215Z[0m [33m WARN[0m [2msaga[0m[2m:[0m saga list_running failed: database error: pool timed out while waiting for an open connection
[2m2026-09-09T11:21:16.883655Z[0m [33m WARN[0m [2msaga[0m[2m:[0m saga list_running failed: database error: pool timed out while waiting for an open connection
[2m2026-09-09T11:21:51.891312Z[0m [33m WARN[0m [2msaga[0m[2m:[0m saga list_running failed: database error: pool timed out while waiting for an open connection
[2m2026-09-09T11:22:26.908426Z[0m [33m WARN[0m [2msaga[0m[2m:[0m saga list_running failed: database error: pool timed out while waiting for an open connection
[2m2026-09-09T11:23:01.923174Z[0m [33m WARN[0m [2msaga[0m[2m:[0m saga list_running failed: database error: pool timed out while waiting for an open connection
[2m2026-09-09T11:23:36.951747Z[0m [33m WARN[0m [2msaga[0m[2m:[0m saga list_running failed: database error: pool timed out while waiting for an open connection
[2m2026-09-09T11:24:11.977838Z[0m [33m WARN[0m [2msaga[0m[2m:[0m saga list_running failed: database error: pool timed out while waiting for an open connection
[2m2026-09-09T11:24:46.998839Z[0m [33m WARN[0m [2msaga[0m[2m:[0m saga list_running failed: database error: pool timed out while waiting for an open connection
[2m2026-09-09T11:25:22.025142Z[0m [33m WARN[0m [2msaga[0m[2m:[0m saga list_running failed: database error: pool timed out while waiting for an open connection
[2m2026-09-09T11:25:57.045926Z[0m [33m WARN[0m [2msaga[0m[2m:[0m saga list_running failed: database error: pool timed out while waiting for an open connection
[2m2026-09-09T11:26:32.085660Z[0m [33m WARN[0m [2msaga[0m[2m:[0m saga list_running failed: database error: pool timed out while waiting for an open connection
[2m2026-09-09T11:27:07.108825Z[0m [33m WARN[0m [2msaga[0m[2m:[0m saga list_running failed: database error: pool timed out while waiting for an open connection
[2m2026-09-09T11:27:42.127638Z[0m [33m WARN[0m [2msaga[0m[2m:[0m saga list_running failed: database error: pool timed out while waiting for an open connection
[2m2026-09-09T11:28:17.161841Z[0m [33m WARN[0m [2msaga[0m[2m:[0m saga list_running failed: database error: pool timed out while waiting for an open connection
[2m2026-09-09T11:28:52.189451Z[0m [33m WARN[0m [2msaga[0m[2m:[0m saga list_running failed: database error: pool timed out while waiting for an open connection
[2m2026-09-09T11:29:27.234263Z[0m [33m WARN[0m [2msaga[0m[2m:[0m saga list_running failed: database error: pool timed out while waiting for an open connection
[2m2026-09-09T11:30:02.264689Z[0m [33m WARN[0m [2msaga[0m[2m:[0m saga list_running failed: database error: pool timed out while waiting for an open connection
[2m2026-09-09T11:30:37.280558Z[0m [33m WARN[0m [2msaga[0m[2m:[0m saga list_running failed: database error: pool timed out while waiting for an open connection
[2m2026-09-09T11:31:12.290781Z[0m [33m WARN[0m [2msaga[0m[2m:[0m saga list_running failed: database error: pool timed out while waiting for an open connection
[2m2026-09-09T11:31:47.329679Z[0m [33m WARN[0m [2msaga[0m[2m:[0m saga list_running failed: database error: pool timed out while waiting for an open connection
[2m2026-09-09T11:32:22.349590Z[0m [33m WARN[0m [2msaga[0m[2m:[0m saga list_running failed: database error: pool timed out while waiting for an open connection
[2m2026-09-09T11:32:57.376414Z[0m [33m WARN[0m [2msaga[0m[2m:[0m saga list_running failed: database error: pool timed out while waiting for an open connection
[2m2026-09-09T11:33:32.395145Z[0m [33m WARN[0m [2msaga[0m[2m:[0m saga list_running failed: database error: pool timed out while waiting for an open connection
[2m2026-09-09T11:34:07.403555Z[0m [33m WARN[0m [2msaga[0m[2m:[0m saga list_running failed: database error: pool timed out while waiting for an open connection
[2m2026-09-09T11:34:42.422883Z[0m [33m WARN[0m [2msaga[0m[2m:[0m saga list_running failed: database error: pool timed out while waiting for an open connection
[2m2026-09-09T11:35:17.436927Z[0m [33m WARN[0m [2msaga[0m[2m:[0m saga list_running failed: database error: pool timed out while waiting for an open connection
[2m2026-09-09T11:35:52.463708Z[0m [33m WARN[0m [2msaga[0m[2m:[0m saga list_running failed: database error: pool timed out while waiting for an open connection
[2m2026-09-09T11:36:27.481827Z[0m [33m WARN[0m [2msaga[0m[2m:[0m saga list_running failed: database error: pool timed out while waiting for an open connection
[2m2026-09-09T11:37:02.509132Z[0m [33m WARN[0m [2msaga[0m[2m:[0m saga list_running failed: database error: pool timed out while waiting for an open connection
[2m2026-09-09T11:37:37.524844Z[0m [33m WARN[0m [2msaga[0m[2m:[0m saga list_running failed: database error: pool timed out while waiting for an open connection
[2m2026-09-09T11:38:12.547286Z[0m [33m WARN[0m [2msaga[0m[2m:[0m saga list_running failed: database error: pool timed out while waiting for an open connection
[2m2026-09-09T11:38:47.575004Z[0m [33m WARN[0m [2msaga[0m[2m:[0m saga list_running failed: database error: pool timed out while waiting for an open connection
[2m2026-09-09T11:39:22.579195Z[0m [33m WARN[0m [2msaga[0m[2m:[0m saga list_running failed: database error: pool timed out while waiting for an open connection
[2m2026-09-09T11:39:57.591239Z[0m [33m WARN[0m [2msaga[0m[2m:[0m saga list_running failed: database error: pool timed out while waiting for an open connection
[2m2026-09-09T11:40:32.603870Z[0m [33m WARN[0m [2msaga[0m[2m:[0m saga list_running failed: database error: pool timed out while waiting for an open connection
[2m2026-09-09T11:41:07.624632Z[0m [33m WARN[0m [2msaga[0m[2m:[0m saga list_running failed: database error: pool timed out while waiting for an open connection
[2m2026-09-09T11:41:42.652451Z[0m [33m WARN[0m [2msaga[0m[2m:[0m saga list_running failed: database error: pool timed out while waiting for an open connection
[2m2026-09-09T11:42:17.663547Z[0m [33m WARN[0m [2msaga[0m[2m:[0m saga list_running failed: database error: pool timed out while waiting for an open connection
[2m2026-09-09T11:42:52.675211Z[0m [33m WARN[0m [2msaga[0m[2m:[0m saga list_running failed: database error: pool timed out while waiting for an open connection
[2m2026-09-09T11:43:27.699667Z[0m [33m WARN[0m [2msaga[0m[2m:[0m saga list_running failed: database error: pool timed out while waiting for an open connection
[2m2026-09-09T11:44:02.717744Z[0m [33m WARN[0m [2msaga[0m[2m:[0m saga list_running failed: database error: pool timed out while waiting for an open connection
[2m2026-09-09T11:44:37.734661Z[0m [33m WARN[0m [2msaga[0m[2m:[0m saga list_running failed: database error: pool timed out while waiting for an open connection
[2m2026-09-09T11:45:12.764243Z[0m [33m WARN[0m [2msaga[0m[2m:[0m saga list_running failed: database error: pool timed out while waiting for an open connection
[2m2026-09-09T11:45:47.790086Z[0m [33m WARN[0m [2msaga[0m[2m:[0m saga list_running failed: database error: pool timed out while waiting for an open connection
[2m2026-09-09T11:46:22.806029Z[0m [33m WARN[0m [2msaga[0m[2m:[0m saga list_running failed: database error: pool timed out while waiting for an open connection
[2m2026-09-09T11:46:57.819695Z[0m [33m WARN[0m [2msaga[0m[2m:[0m saga list_running failed: database error: pool timed out while waiting for an open connection
[2m2026-09-09T11:47:32.830319Z[0m [33m WARN[0m [2msaga[0m[2m:[0m saga list_running failed: database error: pool timed out while waiting for an open connection
[2m2026-09-09T11:48:07.853243Z[0m [33m WARN[0m [2msaga[0m[2m:[0m saga list_running failed: database error: pool timed out while waiting for an open connection
[2m2026-09-09T11:48:42.862060Z[0m [33m WARN[0m [2msaga[0m[2m:[0m saga list_running failed: database error: pool timed out while waiting for an open connection
[2m2026-09-09T11:49:17.885981Z[0m [33m WARN[0m [2msaga[0m[2m:[0m saga list_running failed: database error: pool timed out while waiting for an open connection
[2m2026-09-09T11:49:52.898820Z[0m [33m WARN[0m [2msaga[0m[2m:[0m saga list_running failed: database error: pool timed out while waiting for an open connection
[2m2026-09-09T11:50:27.911526Z[0m [33m WARN[0m [2msaga[0m[2m:[0m saga list_running failed: database error: pool timed out while waiting for an open connection
[2m2026-09-09T11:51:02.932328Z[0m [33m WARN[0m [2msaga[0m[2m:[0m saga list_running failed: database error: pool timed out while waiting for an open connection
[2m2026-09-09T11:51:37.946504Z[0m [33m WARN[0m [2msaga[0m[2m:[0m saga list_running failed: database error: pool timed out while waiting for an open connection
[2m2026-09-09T11:52:12.955388Z[0m [33m WARN[0m [2msaga[0m[2m:[0m saga list_running failed: database error: pool timed out while waiting for an open connection
[2m2026-09-09T11:52:47.979780Z[0m [33m WARN[0m [2msaga[0m[2m:[0m saga list_running failed: database error: pool timed out while waiting for an open connection
[2m2026-09-09T11:53:23.001913Z[0m [33m WARN[0m [2msaga[0m[2m:[0m saga list_running failed: database error: pool timed out while waiting for an open connection
[2m2026-09-09T11:53:58.009919Z[0m [33m WARN[0m [2msaga[0m[2m:[0m saga list_running failed: database error: pool timed out while waiting for an open connection
[2m2026-09-09T11:54:33.017446Z[0m [33m WARN[0m [2msaga[0m[2m:[0m saga list_running failed: database error: pool timed out while waiting for an open connection
[2m2026-09-09T11:55:08.036284Z[0m [33m WARN[0m [2msaga[0m[2m:[0m saga list_running failed: database error: pool timed out while waiting for an open connection
[2m2026-09-09T11:55:43.052715Z[0m [33m WARN[0m [2msaga[0m[2m:[0m saga list_running failed: database error: pool timed out while waiting for an open connection
[2m2026-09-09T11:56:18.062226Z[0m [33m WARN[0m [2msaga[0m[2m:[0m saga list_running failed: database error: pool timed out while waiting for an open connection
[2m2026-09-09T11:56:53.077619Z[0m [33m WARN[0m [2msaga[0m[2m:[0m saga list_running failed: database error: pool timed out while waiting for an open connection
[2m2026-09-09T11:57:28.094847Z[0m [33m WARN[0m [2msaga[0m[2m:[0m saga list_running failed: database error: pool timed out while waiting for an open connection
[2m2026-09-09T11:58:03.108922Z[0m [33m WARN[0m [2msaga[0m[2m:[0m saga list_running failed: database error: pool timed out while waiting for an open connection
[2m2026-09-09T11:58:38.117755Z[0m [33m WARN[0m [2msaga[0m[2m:[0m saga list_running failed: database error: pool timed out while waiting for an open connection
[2m2026-09-09T11:59:13.148184Z[0m [33m WARN[0m [2msaga[0m[2m:[0m saga list_running failed: database error: pool timed out while waiting for an open connection
[2m2026-09-09T11:59:48.156855Z[0m [33m WARN[0m [2msaga[0m[2m:[0m saga list_running failed: database error: pool timed out while waiting for an open connection
[2m2026-09-09T12:00:23.179120Z[0m [33m WARN[0m [2msaga[0m[2m:[0m saga list_running failed: database error: pool timed out while waiting for an open connection
[2m2026-09-09T12:00:58.188139Z[0m [33m WARN[0m [2msaga[0m[2m:[0m saga list_running failed: database error: pool timed out while waiting for an open connection
[2m2026-09-09T12:01:33.198532Z[0m [33m WARN[0m [2msaga[0m[2m:[0m saga list_running failed: database error: pool timed out while waiting for an open connection
[2m2026-09-09T12:02:08.217193Z[0m [33m WARN[0m [2msaga[0m[2m:[0m saga list_running failed: database error: pool timed out while waiting for an open connection
[2m2026-09-09T12:02:43.223218Z[0m [33m WARN[0m [2msaga[0m[2m:[0m saga list_running failed: database error: pool timed out while waiting for an open connection
[2m2026-09-09T12:03:18.482879Z[0m [33m WARN[0m [2msaga[0m[2m:[0m saga list_running failed: database error: pool timed out while waiting for an open connection
[2m2026-09-09T12:03:53.511799Z[0m [33m WARN[0m [2msaga[0m[2m:[0m saga list_running failed: database error: pool timed out while waiting for an open connection
[2m2026-09-09T12:04:28.528425Z[0m [33m WARN[0m [2msaga[0m[2m:[0m saga list_running failed: database error: pool timed out while waiting for an open connection
[2m2026-09-09T12:05:03.546900Z[0m [33m WARN[0m [2msaga[0m[2m:[0m saga list_running failed: database error: pool timed out while waiting for an open connection
[2m2026-09-09T12:05:40.386300Z[0m [33m WARN[0m [2msaga[0m[2m:[0m saga list_running failed: database error: pool timed out while waiting for an open connection
[2m2026-09-09T12:06:17.874805Z[0m [33m WARN[0m [2msaga[0m[2m:[0m saga list_running failed: database error: pool timed out while waiting for an open connection
[2m2026-09-09T12:06:52.905595Z[0m [33m WARN[0m [2msaga[0m[2m:[0m saga list_running failed: database error: pool timed out while waiting for an open connection
[2m2026-09-09T12:07:27.917115Z[0m [33m WARN[0m [2msaga[0m[2m:[0m saga list_running failed: database error: pool timed out while waiting for an open connection
[2m2026-09-09T12:08:02.944675Z[0m [33m WARN[0m [2msaga[0m[2m:[0m saga list_running failed: database error: pool timed out while waiting for an open connection
[2m2026-09-09T12:08:37.965770Z[0m [33m WARN[0m [2msaga[0m[2m:[0m saga list_running failed: database error: pool timed out while waiting for an open connection
[2m2026-09-09T12:09:12.981880Z[0m [33m WARN[0m [2msaga[0m[2m:[0m saga list_running failed: database error: pool timed out while waiting for an open connection
[2m2026-09-09T12:09:48.458115Z[0m [33m WARN[0m [2msaga[0m[2m:[0m saga list_running failed: database error: pool timed out while waiting for an open connection
[2m2026-09-09T12:10:23.469533Z[0m [33m WARN[0m [2msaga[0m[2m:[0m saga list_running failed: database error: pool timed out while waiting for an open connection
[2m2026-09-09T12:10:58.481104Z[0m [33m WARN[0m [2msaga[0m[2m:[0m saga list_running failed: database error: pool timed out while waiting for an open connection
[2m2026-09-09T12:11:33.493545Z[0m [33m WARN[0m [2msaga[0m[2m:[0m saga list_running failed: database error: pool timed out while waiting for an open connection
[2m2026-09-09T12:12:08.513575Z[0m [33m WARN[0m [2msaga[0m[2m:[0m saga list_running failed: database error: pool timed out while waiting for an open connection
[2m2026-09-09T12:12:43.542765Z[0m [33m WARN[0m [2msaga[0m[2m:[0m saga list_running failed: database error: pool timed out while waiting for an open connection
[2m2026-09-09T12:13:18.557574Z[0m [33m WARN[0m [2msaga[0m[2m:[0m saga list_running failed: database error: pool timed out while waiting for an open connection
[2m2026-09-09T12:13:53.570132Z[0m [33m WARN[0m [2msaga[0m[2m:[0m saga list_running failed: database error: pool timed out while waiting for an open connection
[2m2026-09-09T12:14:28.580079Z[0m [33m WARN[0m [2msaga[0m[2m:[0m saga list_running failed: database error: pool timed out while waiting for an open connection
[2m2026-09-09T12:15:03.602547Z[0m [33m WARN[0m [2msaga[0m[2m:[0m saga list_running failed: database error: pool timed out while waiting for an open connection
[2m2026-09-09T12:15:38.617619Z[0m [33m WARN[0m [2msaga[0m[2m:[0m saga list_running failed: database error: pool timed out while waiting for an open connection
[2m2026-09-09T12:16:13.639285Z[0m [33m WARN[0m [2msaga[0m[2m:[0m saga list_running failed: database error: pool timed out while waiting for an open connection
[2m2026-09-09T12:16:48.655128Z[0m [33m WARN[0m [2msaga[0m[2m:[0m saga list_running failed: database error: pool timed out while waiting for an open connection
[2m2026-09-09T12:17:23.672273Z[0m [33m WARN[0m [2msaga[0m[2m:[0m saga list_running failed: database error: pool timed out while waiting for an open connection
[2m2026-09-09T12:17:59.569798Z[0m [33m WARN[0m [2msaga[0m[2m:[0m saga list_running failed: database error: pool timed out while waiting for an open connection
[2m2026-09-09T12:18:34.586475Z[0m [33m WARN[0m [2msaga[0m[2m:[0m saga list_running failed: database error: pool timed out while waiting for an open connection
[2m2026-09-09T12:19:09.740040Z[0m [33m WARN[0m [2msaga[0m[2m:[0m saga list_running failed: database error: pool timed out while waiting for an open connection
[2m2026-09-09T12:19:45.820798Z[0m [33m WARN[0m [2msaga[0m[2m:[0m saga list_running failed: database error: pool timed out while waiting for an open connection
[2m2026-09-09T12:20:21.839159Z[0m [33m WARN[0m [2msaga[0m[2m:[0m saga list_running failed: database error: pool timed out while waiting for an open connection
[2m2026-09-09T12:20:56.871618Z[0m [33m WARN[0m [2msaga[0m[2m:[0m saga list_running failed: database error: pool timed out while waiting for an open connection
[2m2026-09-09T12:21:31.888967Z[0m [33m WARN[0m [2msaga[0m[2m:[0m saga list_running failed: database error: pool timed out while waiting for an open connection
[2m2026-09-09T12:22:06.918352Z[0m [33m WARN[0m [2msaga[0m[2m:[0m saga list_running failed: database error: pool timed out while waiting for an open connection
[2m2026-09-09T12:22:41.923640Z[0m [33m WARN[0m [2msaga[0m[2m:[0m saga list_running failed: database error: pool timed out while waiting for an open connection
[2m2026-09-09T12:23:16.940204Z[0m [33m WARN[0m [2msaga[0m[2m:[0m saga list_running failed: database error: pool timed out while waiting for an open connection
[2m2026-09-09T12:23:51.972158Z[0m [33m WARN[0m [2msaga[0m[2m:[0m saga list_running failed: database error: pool timed out while waiting for an open connection
[2m2026-09-09T12:24:27.002356Z[0m [33m WARN[0m [2msaga[0m[2m:[0m saga list_running failed: database error: pool timed out while waiting for an open connection
[2m2026-09-09T12:25:02.021768Z[0m [33m WARN[0m [2msaga[0m[2m:[0m saga list_running failed: database error: pool timed out while waiting for an open connection
[2m2026-09-09T12:25:37.037653Z[0m [33m WARN[0m [2msaga[0m[2m:[0m saga list_running failed: database error: pool timed out while waiting for an open connection
[2m2026-09-09T12:26:12.072371Z[0m [33m WARN[0m [2msaga[0m[2m:[0m saga list_running failed: database error: pool timed out while waiting for an open connection
[2m2026-09-09T12:26:47.090588Z[0m [33m WARN[0m [2msaga[0m[2m:[0m saga list_running failed: database error: pool timed out while waiting for an open connection
[2m2026-09-09T12:27:22.120903Z[0m [33m WARN[0m [2msaga[0m[2m:[0m saga list_running failed: database error: pool timed out while waiting for an open connection
[2m2026-09-09T12:27:57.139083Z[0m [33m WARN[0m [2msaga[0m[2m:[0m saga list_running failed: database error: pool timed out while waiting for an open connection
[2m2026-09-09T12:28:32.155512Z[0m [33m WARN[0m [2msaga[0m[2m:[0m saga list_running failed: database error: pool timed out while waiting for an open connection
[2m2026-09-09T12:29:07.169242Z[0m [33m WARN[0m [2msaga[0m[2m:[0m saga list_running failed: database error: pool timed out while waiting for an open connection
[2m2026-09-09T12:29:42.187769Z[0m [33m WARN[0m [2msaga[0m[2m:[0m saga list_running failed: database error: pool timed out while waiting for an open connection
[2m2026-09-09T12:30:17.207707Z[0m [33m WARN[0m [2msaga[0m[2m:[0m saga list_running failed: database error: pool timed out while waiting for an open connection
[2m2026-09-09T12:30:52.224495Z[0m [33m WARN[0m [2msaga[0m[2m:[0m saga list_running failed: database error: pool timed out while waiting for an open connection
[2m2026-09-09T12:31:27.256990Z[0m [33m WARN[0m [2msaga[0m[2m:[0m saga list_running failed: database error: pool timed out while waiting for an open connection
[2m2026-09-09T12:32:02.273143Z[0m [33m WARN[0m [2msaga[0m[2m:[0m saga list_running failed: database error: pool timed out while waiting for an open connection
[2m2026-09-09T12:32:37.290159Z[0m [33m WARN[0m [2msaga[0m[2m:[0m saga list_running failed: database error: pool timed out while waiting for an open connection
[2m2026-09-09T12:33:12.306484Z[0m [33m WARN[0m [2msaga[0m[2m:[0m saga list_running failed: database error: pool timed out while waiting for an open connection
[2m2026-09-09T12:33:47.338600Z[0m [33m WARN[0m [2msaga[0m[2m:[0m saga list_running failed: database error: pool timed out while waiting for an open connection
[2m2026-09-09T12:34:27.556711Z[0m [33m WARN[0m [2msaga[0m[2m:[0m saga list_running failed: database error: pool timed out while waiting for an open connection
[2m2026-09-09T12:35:04.300764Z[0m [33m WARN[0m [2msaga[0m[2m:[0m saga list_running failed: database error: pool timed out while waiting for an open connection
[2m2026-09-09T12:35:39.306151Z[0m [33m WARN[0m [2msaga[0m[2m:[0m saga list_running failed: database error: pool timed out while waiting for an open connection
[2m2026-09-09T12:36:14.321295Z[0m [33m WARN[0m [2msaga[0m[2m:[0m saga list_running failed: database error: pool timed out while waiting for an open connection
[2m2026-09-09T12:36:49.337410Z[0m [33m WARN[0m [2msaga[0m[2m:[0m saga list_running failed: database error: pool timed out while waiting for an open connection
[2m2026-09-09T12:37:24.349069Z[0m [33m WARN[0m [2msaga[0m[2m:[0m saga list_running failed: database error: pool timed out while waiting for an open connection
[2m2026-09-09T12:37:59.356288Z[0m [33m WARN[0m [2msaga[0m[2m:[0m saga list_running failed: database error: pool timed out while waiting for an open connection
[2m2026-09-09T12:38:34.358763Z[0m [33m WARN[0m [2msaga[0m[2m:[0m saga list_running failed: database error: pool timed out while waiting for an open connection
[2m2026-09-09T12:39:09.374745Z[0m [33m WARN[0m [2msaga[0m[2m:[0m saga list_running failed: database error: pool timed out while waiting for an open connection
[2m2026-09-09T12:39:44.406279Z[0m [33m WARN[0m [2msaga[0m[2m:[0m saga list_running failed: database error: pool timed out while waiting for an open connection
[2m2026-09-09T12:40:19.424630Z[0m [33m WARN[0m [2msaga[0m[2m:[0m saga list_running failed: database error: pool timed out while waiting for an open connection
[2m2026-09-09T12:40:54.436394Z[0m [33m WARN[0m [2msaga[0m[2m:[0m saga list_running failed: database error: pool timed out while waiting for an open connection
[2m2026-09-09T12:41:29.455550Z[0m [33m WARN[0m [2msaga[0m[2m:[0m saga list_running failed: database error: pool timed out while waiting for an open connection
[2m2026-09-09T12:42:04.474129Z[0m [33m WARN[0m [2msaga[0m[2m:[0m saga list_running failed: database error: pool timed out while waiting for an open connection
[2m2026-09-09T12:42:39.490671Z[0m [33m WARN[0m [2msaga[0m[2m:[0m saga list_running failed: database error: pool timed out while waiting for an open connection
[2m2026-09-09T12:43:14.509078Z[0m [33m WARN[0m [2msaga[0m[2m:[0m saga list_running failed: database error: pool timed out while waiting for an open connection
[2m2026-09-09T12:43:49.542474Z[0m [33m WARN[0m [2msaga[0m[2m:[0m saga list_running failed: database error: pool timed out while waiting for an open connection
[2m2026-09-09T12:44:24.562392Z[0m [33m WARN[0m [2msaga[0m[2m:[0m saga list_running failed: database error: pool timed out while waiting for an open connection
[2m2026-09-09T12:44:59.583139Z[0m [33m WARN[0m [2msaga[0m[2m:[0m saga list_running failed: database error: pool timed out while waiting for an open connection
[2m2026-09-09T12:45:34.605329Z[0m [33m WARN[0m [2msaga[0m[2m:[0m saga list_running failed: database error: pool timed out while waiting for an open connection
[2m2026-09-09T12:46:09.624580Z[0m [33m WARN[0m [2msaga[0m[2m:[0m saga list_running failed: database error: pool timed out while waiting for an open connection
[2m2026-09-09T12:46:44.638054Z[0m [33m WARN[0m [2msaga[0m[2m:[0m saga list_running failed: database error: pool timed out while waiting for an open connection
[2m2026-09-09T12:47:19.650129Z[0m [33m WARN[0m [2msaga[0m[2m:[0m saga list_running failed: database error: pool timed out while waiting for an open connection
[2m2026-09-09T12:47:54.671565Z[0m [33m WARN[0m [2msaga[0m[2m:[0m saga list_running failed: database error: pool timed out while waiting for an open connection
[2m2026-09-09T12:48:29.691624Z[0m [33m WARN[0m [2msaga[0m[2m:[0m saga list_running failed: database error: pool timed out while waiting for an open connection
[2m2026-09-09T12:49:04.717009Z[0m [33m WARN[0m [2msaga[0m[2m:[0m saga list_running failed: database error: pool timed out while waiting for an open connection
[2m2026-09-09T12:49:39.739857Z[0m [33m WARN[0m [2msaga[0m[2m:[0m saga list_running failed: database error: pool timed out while waiting for an open connection
[2m2026-09-09T12:50:14.757842Z[0m [33m WARN[0m [2msaga[0m[2m:[0m saga list_running failed: database error: pool timed out while waiting for an open connection
[2m2026-09-09T12:50:49.789317Z[0m [33m WARN[0m [2msaga[0m[2m:[0m saga list_running failed: database error: pool timed out while waiting for an open connection
[2m2026-09-09T12:51:24.823782Z[0m [33m WARN[0m [2msaga[0m[2m:[0m saga list_running failed: database error: pool timed out while waiting for an open connection
[2m2026-09-09T12:51:59.844444Z[0m [33m WARN[0m [2msaga[0m[2m:[0m saga list_running failed: database error: pool timed out while waiting for an open connection
[2m2026-09-09T12:52:34.871599Z[0m [33m WARN[0m [2msaga[0m[2m:[0m saga list_running failed: database error: pool timed out while waiting for an open connection
[2m2026-09-09T12:53:09.891915Z[0m [33m WARN[0m [2msaga[0m[2m:[0m saga list_running failed: database error: pool timed out while waiting for an open connection
[2m2026-09-09T12:53:44.920831Z[0m [33m WARN[0m [2msaga[0m[2m:[0m saga list_running failed: database error: pool timed out while waiting for an open connection
[2m2026-09-09T12:54:19.941567Z[0m [33m WARN[0m [2msaga[0m[2m:[0m saga list_running failed: database error: pool timed out while waiting for an open connection
[2m2026-09-09T12:54:54.971965Z[0m [33m WARN[0m [2msaga[0m[2m:[0m saga list_running failed: database error: pool timed out while waiting for an open connection
[2m2026-09-09T12:55:29.986756Z[0m [33m WARN[0m [2msaga[0m[2m:[0m saga list_running failed: database error: pool timed out while waiting for an open connection
[2m2026-09-09T12:56:05.009907Z[0m [33m WARN[0m [2msaga[0m[2m:[0m saga list_running failed: database error: pool timed out while waiting for an open connection
[2m2026-09-09T12:56:40.026291Z[0m [33m WARN[0m [2msaga[0m[2m:[0m saga list_running failed: database error: pool timed out while waiting for an open connection
[2m2026-09-09T12:57:15.039234Z[0m [33m WARN[0m [2msaga[0m[2m:[0m saga list_running failed: database error: pool timed out while waiting for an open connection
[2m2026-09-09T12:57:50.059321Z[0m [33m WARN[0m [2msaga[0m[2m:[0m saga list_running failed: database error: pool timed out while waiting for an open connection
[2m2026-09-09T12:58:25.089096Z[0m [33m WARN[0m [2msaga[0m[2m:[0m saga list_running failed: database error: pool timed out while waiting for an open connection
[2m2026-09-09T12:59:00.094856Z[0m [33m WARN[0m [2msaga[0m[2m:[0m saga list_running failed: database error: pool timed out while waiting for an open connection
[2m2026-09-09T12:59:35.123468Z[0m [33m WARN[0m [2msaga[0m[2m:[0m saga list_running failed: database error: pool timed out while waiting for an open connection
[2m2026-09-09T13:00:10.150243Z[0m [33m WARN[0m [2msaga[0m[2m:[0m saga list_running failed: database error: pool timed out while waiting for an open connection
[2m2026-09-09T13:00:45.171077Z[0m [33m WARN[0m [2msaga[0m[2m:[0m saga list_running failed: database error: pool timed out while waiting for an open connection
[2m2026-09-09T13:01:20.189821Z[0m [33m WARN[0m [2msaga[0m[2m:[0m saga list_running failed: database error: pool timed out while waiting for an open connection
[2m2026-09-09T13:01:55.209782Z[0m [33m WARN[0m [2msaga[0m[2m:[0m saga list_running failed: database error: pool timed out while waiting for an open connection
[2m2026-09-09T13:02:30.223727Z[0m [33m WARN[0m [2msaga[0m[2m:[0m saga list_running failed: database error: pool timed out while waiting for an open connection
[2m2026-09-09T13:03:05.241451Z[0m [33m WARN[0m [2msaga[0m[2m:[0m saga list_running failed: database error: pool timed out while waiting for an open connection
[2m2026-09-09T13:03:40.265697Z[0m [33m WARN[0m [2msaga[0m[2m:[0m saga list_running failed: database error: pool timed out while waiting for an open connection
[2m2026-09-09T13:04:15.291533Z[0m [33m WARN[0m [2msaga[0m[2m:[0m saga list_running failed: database error: pool timed out while waiting for an open connection
[2m2026-09-09T13:04:50.302333Z[0m [33m WARN[0m [2msaga[0m[2m:[0m saga list_running failed: database error: pool timed out while waiting for an open connection
[2m2026-09-09T13:05:25.327882Z[0m [33m WARN[0m [2msaga[0m[2m:[0m saga list_running failed: database error: pool timed out while waiting for an open connection
[2m2026-09-09T13:06:00.346461Z[0m [33m WARN[0m [2msaga[0m[2m:[0m saga list_running failed: database error: pool timed out while waiting for an open connection
[2m2026-09-09T13:06:35.361233Z[0m [33m WARN[0m [2msaga[0m[2m:[0m saga list_running failed: database error: pool timed out while waiting for an open connection
[2m2026-09-09T13:07:10.370287Z[0m [33m WARN[0m [2msaga[0m[2m:[0m saga list_running failed: database error: pool timed out while waiting for an open connection
[2m2026-09-09T13:07:45.383344Z[0m [33m WARN[0m [2msaga[0m[2m:[0m saga list_running failed: database error: pool timed out while waiting for an open connection
[2m2026-09-09T13:08:20.407176Z[0m [33m WARN[0m [2msaga[0m[2m:[0m saga list_running failed: database error: pool timed out while waiting for an open connection
[2m2026-09-09T13:08:55.433461Z[0m [33m WARN[0m [2msaga[0m[2m:[0m saga list_running failed: database error: pool timed out while waiting for an open connection
[2m2026-09-09T13:09:30.455776Z[0m [33m WARN[0m [2msaga[0m[2m:[0m saga list_running failed: database error: pool timed out while waiting for an open connection
[2m2026-09-09T13:10:05.473752Z[0m [33m WARN[0m [2msaga[0m[2m:[0m saga list_running failed: database error: pool timed out while waiting for an open connection
[2m2026-09-09T13:10:40.522685Z[0m [33m WARN[0m [2msaga[0m[2m:[0m saga list_running failed: database error: pool timed out while waiting for an open connection
[2m2026-09-09T13:11:15.537502Z[0m [33m WARN[0m [2msaga[0m[2m:[0m saga list_running failed: database error: pool timed out while waiting for an open connection
[2m2026-09-09T13:11:50.558873Z[0m [33m WARN[0m [2msaga[0m[2m:[0m saga list_running failed: database error: pool timed out while waiting for an open connection
[2m2026-09-09T13:12:25.568733Z[0m [33m WARN[0m [2msaga[0m[2m:[0m saga list_running failed: database error: pool timed out while waiting for an open connection
[2m2026-09-09T13:13:00.578472Z[0m [33m WARN[0m [2msaga[0m[2m:[0m saga list_running failed: database error: pool timed out while waiting for an open connection
[2m2026-09-09T13:13:35.610094Z[0m [33m WARN[0m [2msaga[0m[2m:[0m saga list_running failed: database error: pool timed out while waiting for an open connection
[2m2026-09-09T13:14:10.638844Z[0m [33m WARN[0m [2msaga[0m[2m:[0m saga list_running failed: database error: pool timed out while waiting for an open connection
[2m2026-09-09T13:14:45.667174Z[0m [33m WARN[0m [2msaga[0m[2m:[0m saga list_running failed: database error: pool timed out while waiting for an open connection
[2m2026-09-09T13:15:20.688672Z[0m [33m WARN[0m [2msaga[0m[2m:[0m saga list_running failed: database error: pool timed out while waiting for an open connection
[2m2026-09-09T13:15:55.738905Z[0m [33m WARN[0m [2msaga[0m[2m:[0m saga list_running failed: database error: pool timed out while waiting for an open connection
[2m2026-09-09T13:16:30.759777Z[0m [33m WARN[0m [2msaga[0m[2m:[0m saga list_running failed: database error: pool timed out while waiting for an open connection
[2m2026-09-09T13:17:05.778876Z[0m [33m WARN[0m [2msaga[0m[2m:[0m saga list_running failed: database error: pool timed out while waiting for an open connection
[2m2026-09-09T13:17:40.795013Z[0m [33m WARN[0m [2msaga[0m[2m:[0m saga list_running failed: database error: pool timed out while waiting for an open connection
[2m2026-09-09T13:18:15.813883Z[0m [33m WARN[0m [2msaga[0m[2m:[0m saga list_running failed: database error: pool timed out while waiting for an open connection
[2m2026-09-09T13:18:50.843911Z[0m [33m WARN[0m [2msaga[0m[2m:[0m saga list_running failed: database error: pool timed out while waiting for an open connection
[2m2026-09-09T13:19:25.861611Z[0m [33m WARN[0m [2msaga[0m[2m:[0m saga list_running failed: database error: pool timed out while waiting for an open connection
[2m2026-09-09T13:20:00.894149Z[0m [33m WARN[0m [2msaga[0m[2m:[0m saga list_running failed: database error: pool timed out while waiting for an open connection
[2m2026-09-09T13:20:35.912853Z[0m [33m WARN[0m [2msaga[0m[2m:[0m saga list_running failed: database error: pool timed out while waiting for an open connection
[2m2026-09-09T13:21:10.944660Z[0m [33m WARN[0m [2msaga[0m[2m:[0m saga list_running failed: database error: pool timed out while waiting for an open connection
[2m2026-09-09T13:21:45.963011Z[0m [33m WARN[0m [2msaga[0m[2m:[0m saga list_running failed: database error: pool timed out while waiting for an open connection
[2m2026-09-09T13:22:20.980084Z[0m [33m WARN[0m [2msaga[0m[2m:[0m saga list_running failed: database error: pool timed out while waiting for an open connection
[2m2026-09-09T13:22:55.995419Z[0m [33m WARN[0m [2msaga[0m[2m:[0m saga list_running failed: database error: pool timed out while waiting for an open connection
[2m2026-09-09T13:23:31.028162Z[0m [33m WARN[0m [2msaga[0m[2m:[0m saga list_running failed: database error: pool timed out while waiting for an open connection
[2m2026-09-09T13:24:06.062162Z[0m [33m WARN[0m [2msaga[0m[2m:[0m saga list_running failed: database error: pool timed out while waiting for an open connection
[2m2026-09-09T13:24:41.095826Z[0m [33m WARN[0m [2msaga[0m[2m:[0m saga list_running failed: database error: pool timed out while waiting for an open connection
[2m2026-09-09T13:25:16.113734Z[0m [33m WARN[0m [2msaga[0m[2m:[0m saga list_running failed: database error: pool timed out while waiting for an open connection
[2m2026-09-09T13:25:51.146399Z[0m [33m WARN[0m [2msaga[0m[2m:[0m saga list_running failed: database error: pool timed out while waiting for an open connection
[2m2026-09-09T13:26:26.502167Z[0m [33m WARN[0m [2msaga[0m[2m:[0m saga list_running failed: database error: pool timed out while waiting for an open connection
[2m2026-09-09T13:27:01.528039Z[0m [33m WARN[0m [2msaga[0m[2m:[0m saga list_running failed: database error: pool timed out while waiting for an open connection
[2m2026-09-09T13:27:36.545335Z[0m [33m WARN[0m [2msaga[0m[2m:[0m saga list_running failed: database error: pool timed out while waiting for an open connection
[2m2026-09-09T13:28:11.563296Z[0m [33m WARN[0m [2msaga[0m[2m:[0m saga list_running failed: database error: pool timed out while waiting for an open connection
[2m2026-09-09T13:28:46.596109Z[0m [33m WARN[0m [2msaga[0m[2m:[0m saga list_running failed: database error: pool timed out while waiting for an open connection
[2m2026-09-09T13:29:23.179456Z[0m [33m WARN[0m [2msaga[0m[2m:[0m saga list_running failed: database error: pool timed out while waiting for an open connection
[2m2026-09-09T13:30:08.957887Z[0m [33m WARN[0m [2msaga[0m[2m:[0m saga list_running failed: database error: pool timed out while waiting for an open connection
[2m2026-09-09T13:30:49.981857Z[0m [33m WARN[0m [2msaga[0m[2m:[0m saga list_running failed: database error: pool timed out while waiting for an open connection
[2m2026-09-09T13:31:25.495674Z[0m [33m WARN[0m [2msaga[0m[2m:[0m saga list_running failed: database error: pool timed out while waiting for an open connection
[2m2026-09-09T13:32:02.446061Z[0m [33m WARN[0m [2msaga[0m[2m:[0m saga list_running failed: database error: pool timed out while waiting for an open connection
[2m2026-09-09T13:32:37.477572Z[0m [33m WARN[0m [2msaga[0m[2m:[0m saga list_running failed: database error: pool timed out while waiting for an open connection
[2m2026-09-09T13:33:12.497083Z[0m [33m WARN[0m [2msaga[0m[2m:[0m saga list_running failed: database error: pool timed out while waiting for an open connection
[2m2026-09-09T13:33:47.516311Z[0m [33m WARN[0m [2msaga[0m[2m:[0m saga list_running failed: database error: pool timed out while waiting for an open connection
[2m2026-09-09T13:34:22.531104Z[0m [33m WARN[0m [2msaga[0m[2m:[0m saga list_running failed: database error: pool timed out while waiting for an open connection
[2m2026-09-09T13:34:57.546058Z[0m [33m WARN[0m [2msaga[0m[2m:[0m saga list_running failed: database error: pool timed out while waiting for an open connection
[2m2026-09-09T13:35:32.580191Z[0m [33m WARN[0m [2msaga[0m[2m:[0m saga list_running failed: database error: pool timed out while waiting for an open connection
[2m2026-09-09T13:36:07.613269Z[0m [33m WARN[0m [2msaga[0m[2m:[0m saga list_running failed: database error: pool timed out while waiting for an open connection
[2m2026-09-09T13:36:42.631383Z[0m [33m WARN[0m [2msaga[0m[2m:[0m saga list_running failed: database error: pool timed out while waiting for an open connection
[2m2026-09-09T13:37:17.647790Z[0m [33m WARN[0m [2msaga[0m[2m:[0m saga list_running failed: database error: pool timed out while waiting for an open connection
[2m2026-09-09T13:37:52.678217Z[0m [33m WARN[0m [2msaga[0m[2m:[0m saga list_running failed: database error: pool timed out while waiting for an open connection
[2m2026-09-09T13:38:27.694632Z[0m [33m WARN[0m [2msaga[0m[2m:[0m saga list_running failed: database error: pool timed out while waiting for an open connection
[2m2026-09-09T13:39:02.702103Z[0m [33m WARN[0m [2msaga[0m[2m:[0m saga list_running failed: database error: pool timed out while waiting for an open connection
[2m2026-09-09T13:39:37.730667Z[0m [33m WARN[0m [2msaga[0m[2m:[0m saga list_running failed: database error: pool timed out while waiting for an open connection
[2m2026-09-09T13:40:12.748337Z[0m [33m WARN[0m [2msaga[0m[2m:[0m saga list_running failed: database error: pool timed out while waiting for an open connection
[2m2026-09-09T13:40:47.763647Z[0m [33m WARN[0m [2msaga[0m[2m:[0m saga list_running failed: database error: pool timed out while waiting for an open connection
[2m2026-09-09T13:41:22.783365Z[0m [33m WARN[0m [2msaga[0m[2m:[0m saga list_running failed: database error: pool timed out while waiting for an open connection
[2m2026-09-09T13:41:57.798290Z[0m [33m WARN[0m [2msaga[0m[2m:[0m saga list_running failed: database error: pool timed out while waiting for an open connection
[2m2026-09-09T13:42:32.815262Z[0m [33m WARN[0m [2msaga[0m[2m:[0m saga list_running failed: database error: pool timed out while waiting for an open connection
[2m2026-09-09T13:43:07.848688Z[0m [33m WARN[0m [2msaga[0m[2m:[0m saga list_running failed: database error: pool timed out while waiting for an open connection
[2m2026-09-09T13:43:42.881276Z[0m [33m WARN[0m [2msaga[0m[2m:[0m saga list_running failed: database error: pool timed out while waiting for an open connection
[2m2026-09-09T13:44:17.915016Z[0m [33m WARN[0m [2msaga[0m[2m:[0m saga list_running failed: database error: pool timed out while waiting for an open connection
[2m2026-09-09T13:44:52.947329Z[0m [33m WARN[0m [2msaga[0m[2m:[0m saga list_running failed: database error: pool timed out while waiting for an open connection
[2m2026-09-09T13:45:27.965771Z[0m [33m WARN[0m [2msaga[0m[2m:[0m saga list_running failed: database error: pool timed out while waiting for an open connection
[2m2026-09-09T13:46:03.180589Z[0m [33m WARN[0m [2msaga[0m[2m:[0m saga list_running failed: database error: pool timed out while waiting for an open connection
[2m2026-09-09T13:46:38.199963Z[0m [33m WARN[0m [2msaga[0m[2m:[0m saga list_running failed: database error: pool timed out while waiting for an open connection
[2m2026-09-09T13:47:13.231949Z[0m [33m WARN[0m [2msaga[0m[2m:[0m saga list_running failed: database error: pool timed out while waiting for an open connection
[2m2026-09-09T13:47:48.249427Z[0m [33m WARN[0m [2msaga[0m[2m:[0m saga list_running failed: database error: pool timed out while waiting for an open connection
[2m2026-09-09T13:48:23.281679Z[0m [33m WARN[0m [2msaga[0m[2m:[0m saga list_running failed: database error: pool timed out while waiting for an open connection
[2m2026-09-09T13:48:58.299690Z[0m [33m WARN[0m [2msaga[0m[2m:[0m saga list_running failed: database error: pool timed out while waiting for an open connection
[2m2026-09-09T13:49:33.311145Z[0m [33m WARN[0m [2msaga[0m[2m:[0m saga list_running failed: database error: pool timed out while waiting for an open connection
[2m2026-09-09T13:50:08.323120Z[0m [33m WARN[0m [2msaga[0m[2m:[0m saga list_running failed: database error: pool timed out while waiting for an open connection
[2m2026-09-09T13:50:43.335047Z[0m [33m WARN[0m [2msaga[0m[2m:[0m saga list_running failed: database error: pool timed out while waiting for an open connection
[2m2026-09-09T13:51:18.347315Z[0m [33m WARN[0m [2msaga[0m[2m:[0m saga list_running failed: database error: pool timed out while waiting for an open connection
[2m2026-09-09T13:51:53.362056Z[0m [33m WARN[0m [2msaga[0m[2m:[0m saga list_running failed: database error: pool timed out while waiting for an open connection
[2m2026-09-09T13:52:28.387202Z[0m [33m WARN[0m [2msaga[0m[2m:[0m saga list_running failed: database error: pool timed out while waiting for an open connection
[2m2026-09-09T13:53:03.407953Z[0m [33m WARN[0m [2msaga[0m[2m:[0m saga list_running failed: database error: pool timed out while waiting for an open connection
[2m2026-09-09T13:53:38.437557Z[0m [33m WARN[0m [2msaga[0m[2m:[0m saga list_running failed: database error: pool timed out while waiting for an open connection
[2m2026-09-09T13:54:13.452955Z[0m [33m WARN[0m [2msaga[0m[2m:[0m saga list_running failed: database error: pool timed out while waiting for an open connection
[2m2026-09-09T13:54:48.463685Z[0m [33m WARN[0m [2msaga[0m[2m:[0m saga list_running failed: database error: pool timed out while waiting for an open connection
[2m2026-09-09T13:55:23.480102Z[0m [33m WARN[0m [2msaga[0m[2m:[0m saga list_running failed: database error: pool timed out while waiting for an open connection
[2m2026-09-09T13:55:58.510207Z[0m [33m WARN[0m [2msaga[0m[2m:[0m saga list_running failed: database error: pool timed out while waiting for an open connection
[2m2026-09-09T13:56:33.532767Z[0m [33m WARN[0m [2msaga[0m[2m:[0m saga list_running failed: database error: pool timed out while waiting for an open connection
[2m2026-09-09T13:57:08.546423Z[0m [33m WARN[0m [2msaga[0m[2m:[0m saga list_running failed: database error: pool timed out while waiting for an open connection
[2m2026-09-09T13:57:43.573867Z[0m [33m WARN[0m [2msaga[0m[2m:[0m saga list_running failed: database error: pool timed out while waiting for an open connection
[2m2026-09-09T13:58:18.600242Z[0m [33m WARN[0m [2msaga[0m[2m:[0m saga list_running failed: database error: pool timed out while waiting for an open connection
[2m2026-09-09T13:58:53.615273Z[0m [33m WARN[0m [2msaga[0m[2m:[0m saga list_running failed: database error: pool timed out while waiting for an open connection
[2m2026-09-09T13:59:28.638277Z[0m [33m WARN[0m [2msaga[0m[2m:[0m saga list_running failed: database error: pool timed out while waiting for an open connection
[2m2026-09-09T14:00:03.654364Z[0m [33m WARN[0m [2msaga[0m[2m:[0m saga list_running failed: database error: pool timed out while waiting for an open connection
[2m2026-09-09T14:00:38.672333Z[0m [33m WARN[0m [2msaga[0m[2m:[0m saga list_running failed: database error: pool timed out while waiting for an open connection
[2m2026-09-09T14:01:13.675237Z[0m [33m WARN[0m [2msaga[0m[2m:[0m saga list_running failed: database error: pool timed out while waiting for an open connection
[2m2026-09-09T14:01:48.695107Z[0m [33m WARN[0m [2msaga[0m[2m:[0m saga list_running failed: database error: pool timed out while waiting for an open connection
[2m2026-09-09T14:02:23.706162Z[0m [33m WARN[0m [2msaga[0m[2m:[0m saga list_running failed: database error: pool timed out while waiting for an open connection
[2m2026-09-09T14:02:58.731519Z[0m [33m WARN[0m [2msaga[0m[2m:[0m saga list_running failed: database error: pool timed out while waiting for an open connection
[2m2026-09-09T14:03:33.758132Z[0m [33m WARN[0m [2msaga[0m[2m:[0m saga list_running failed: database error: pool timed out while waiting for an open connection
[2m2026-09-09T14:04:08.789672Z[0m [33m WARN[0m [2msaga[0m[2m:[0m saga list_running failed: database error: pool timed out while waiting for an open connection
[2m2026-09-09T14:04:43.802807Z[0m [33m WARN[0m [2msaga[0m[2m:[0m saga list_running failed: database error: pool timed out while waiting for an open connection
[2m2026-09-09T14:05:18.816647Z[0m [33m WARN[0m [2msaga[0m[2m:[0m saga list_running failed: database error: pool timed out while waiting for an open connection
[2m2026-09-09T14:05:53.844410Z[0m [33m WARN[0m [2msaga[0m[2m:[0m saga list_running failed: database error: pool timed out while waiting for an open connection
[2m2026-09-09T14:06:28.858172Z[0m [33m WARN[0m [2msaga[0m[2m:[0m saga list_running failed: database error: pool timed out while waiting for an open connection
[2m2026-09-09T14:07:03.871080Z[0m [33m WARN[0m [2msaga[0m[2m:[0m saga list_running failed: database error: pool timed out while waiting for an open connection
[2m2026-09-09T14:07:38.888019Z[0m [33m WARN[0m [2msaga[0m[2m:[0m saga list_running failed: database error: pool timed out while waiting for an open connection
[2m2026-09-09T14:08:13.910736Z[0m [33m WARN[0m [2msaga[0m[2m:[0m saga list_running failed: database error: pool timed out while waiting for an open connection
[2m2026-09-09T14:08:48.936405Z[0m [33m WARN[0m [2msaga[0m[2m:[0m saga list_running failed: database error: pool timed out while waiting for an open connection
[2m2026-09-09T14:09:23.964851Z[0m [33m WARN[0m [2msaga[0m[2m:[0m saga list_running failed: database error: pool timed out while waiting for an open connection
[2m2026-09-09T14:09:58.986351Z[0m [33m WARN[0m [2msaga[0m[2m:[0m saga list_running failed: database error: pool timed out while waiting for an open connection
[2m2026-09-09T14:10:34.017123Z[0m [33m WARN[0m [2msaga[0m[2m:[0m saga list_running failed: database error: pool timed out while waiting for an open connection
[2m2026-09-09T14:11:09.040823Z[0m [33m WARN[0m [2msaga[0m[2m:[0m saga list_running failed: database error: pool timed out while waiting for an open connection
[2m2026-09-09T14:11:44.061533Z[0m [33m WARN[0m [2msaga[0m[2m:[0m saga list_running failed: database error: pool timed out while waiting for an open connection
[2m2026-09-09T14:12:19.090251Z[0m [33m WARN[0m [2msaga[0m[2m:[0m saga list_running failed: database error: pool timed out while waiting for an open connection
[2m2026-09-09T14:12:54.108958Z[0m [33m WARN[0m [2msaga[0m[2m:[0m saga list_running failed: database error: pool timed out while waiting for an open connection
[2m2026-09-09T14:13:29.126322Z[0m [33m WARN[0m [2msaga[0m[2m:[0m saga list_running failed: database error: pool timed out while waiting for an open connection
[2m2026-09-09T14:14:04.150115Z[0m [33m WARN[0m [2msaga[0m[2m:[0m saga list_running failed: database error: pool timed out while waiting for an open connection
[2m2026-09-09T14:14:39.170175Z[0m [33m WARN[0m [2msaga[0m[2m:[0m saga list_running failed: database error: pool timed out while waiting for an open connection
[2m2026-09-09T14:15:14.188476Z[0m [33m WARN[0m [2msaga[0m[2m:[0m saga list_running failed: database error: pool timed out while waiting for an open connection
[2m2026-09-09T14:15:49.220702Z[0m [33m WARN[0m [2msaga[0m[2m:[0m saga list_running failed: database error: pool timed out while waiting for an open connection
[2m2026-09-09T14:16:24.228424Z[0m [33m WARN[0m [2msaga[0m[2m:[0m saga list_running failed: database error: pool timed out while waiting for an open connection
[2m2026-09-09T14:16:59.240960Z[0m [33m WARN[0m [2msaga[0m[2m:[0m saga list_running failed: database error: pool timed out while waiting for an open connection
[2m2026-09-09T14:17:34.264227Z[0m [33m WARN[0m [2msaga[0m[2m:[0m saga list_running failed: database error: pool timed out while waiting for an open connection
[2m2026-09-09T14:18:09.292347Z[0m [33m WARN[0m [2msaga[0m[2m:[0m saga list_running failed: database error: pool timed out while waiting for an open connection
[2m2026-09-09T14:18:44.310250Z[0m [33m WARN[0m [2msaga[0m[2m:[0m saga list_running failed: database error: pool timed out while waiting for an open connection
[2m2026-09-09T14:19:20.284776Z[0m [33m WARN[0m [2msaga[0m[2m:[0m saga list_running failed: database error: pool timed out while waiting for an open connection
[2m2026-09-09T14:19:55.308898Z[0m [33m WARN[0m [2msaga[0m[2m:[0m saga list_running failed: database error: pool timed out while waiting for an open connection
[2m2026-09-09T14:20:30.328829Z[0m [33m WARN[0m [2msaga[0m[2m:[0m saga list_running failed: database error: pool timed out while waiting for an open connection
[2m2026-09-09T14:21:05.956496Z[0m [33m WARN[0m [2msaga[0m[2m:[0m saga list_running failed: database error: pool timed out while waiting for an open connection
[2m2026-09-09T14:21:40.979741Z[0m [33m WARN[0m [2msaga[0m[2m:[0m saga list_running failed: database error: pool timed out while waiting for an open connection
[2m2026-09-09T14:22:16.002372Z[0m [33m WARN[0m [2msaga[0m[2m:[0m saga list_running failed: database error: pool timed out while waiting for an open connection
[2m2026-09-09T14:22:51.027542Z[0m [33m WARN[0m [2msaga[0m[2m:[0m saga list_running failed: database error: pool timed out while waiting for an open connection
[2m2026-09-09T14:23:26.931225Z[0m [33m WARN[0m [2msaga[0m[2m:[0m saga list_running failed: database error: pool timed out while waiting for an open connection
[2m2026-09-09T14:24:04.645336Z[0m [33m WARN[0m [2msaga[0m[2m:[0m saga list_running failed: database error: pool timed out while waiting for an open connection
[2m2026-09-09T14:24:39.654113Z[0m [33m WARN[0m [2msaga[0m[2m:[0m saga list_running failed: database error: pool timed out while waiting for an open connection
[2m2026-09-09T14:25:15.892050Z[0m [33m WARN[0m [2msaga[0m[2m:[0m saga list_running failed: database error: pool timed out while waiting for an open connection
[2m2026-09-09T14:25:50.906110Z[0m [33m WARN[0m [2msaga[0m[2m:[0m saga list_running failed: database error: pool timed out while waiting for an open connection
[2m2026-09-09T14:26:25.927185Z[0m [33m WARN[0m [2msaga[0m[2m:[0m saga list_running failed: database error: pool timed out while waiting for an open connection
[2m2026-09-09T14:27:00.947696Z[0m [33m WARN[0m [2msaga[0m[2m:[0m saga list_running failed: database error: pool timed out while waiting for an open connection
[2m2026-09-09T14:27:35.970531Z[0m [33m WARN[0m [2msaga[0m[2m:[0m saga list_running failed: database error: pool timed out while waiting for an open connection
[2m2026-09-09T14:28:11.049758Z[0m [33m WARN[0m [2msaga[0m[2m:[0m saga list_running failed: database error: pool timed out while waiting for an open connection
[2m2026-09-09T14:28:46.635216Z[0m [33m WARN[0m [2msaga[0m[2m:[0m saga list_running failed: database error: pool timed out while waiting for an open connection
[2m2026-09-09T14:29:21.644838Z[0m [33m WARN[0m [2msaga[0m[2m:[0m saga list_running failed: database error: pool timed out while waiting for an open connection
[2m2026-09-09T14:29:56.654045Z[0m [33m WARN[0m [2msaga[0m[2m:[0m saga list_running failed: database error: pool timed out while waiting for an open connection
[2m2026-09-09T14:30:31.670597Z[0m [33m WARN[0m [2msaga[0m[2m:[0m saga list_running failed: database error: pool timed out while waiting for an open connection
[2m2026-09-09T14:31:06.690461Z[0m [33m WARN[0m [2msaga[0m[2m:[0m saga list_running failed: database error: pool timed out while waiting for an open connection
[2m2026-09-09T14:31:41.718200Z[0m [33m WARN[0m [2msaga[0m[2m:[0m saga list_running failed: database error: pool timed out while waiting for an open connection
[2m2026-09-09T14:32:17.065105Z[0m [33m WARN[0m [2msaga[0m[2m:[0m saga list_running failed: database error: pool timed out while waiting for an open connection
[2m2026-09-09T14:32:53.769841Z[0m [33m WARN[0m [2msaga[0m[2m:[0m saga list_running failed: database error: pool timed out while waiting for an open connection
[2m2026-09-09T14:33:28.787803Z[0m [33m WARN[0m [2msaga[0m[2m:[0m saga list_running failed: database error: pool timed out while waiting for an open connection
[2m2026-09-09T14:34:03.816353Z[0m [33m WARN[0m [2msaga[0m[2m:[0m saga list_running failed: database error: pool timed out while waiting for an open connection
[2m2026-09-09T14:34:38.821460Z[0m [33m WARN[0m [2msaga[0m[2m:[0m saga list_running failed: database error: pool timed out while waiting for an open connection
[2m2026-09-09T14:35:13.846865Z[0m [33m WARN[0m [2msaga[0m[2m:[0m saga list_running failed: database error: pool timed out while waiting for an open connection
[2m2026-09-09T14:35:50.037712Z[0m [33m WARN[0m [2msaga[0m[2m:[0m saga list_running failed: database error: pool timed out while waiting for an open connection
[2m2026-09-09T14:36:25.877325Z[0m [33m WARN[0m [2msaga[0m[2m:[0m saga list_running failed: database error: pool timed out while waiting for an open connection
[2m2026-09-09T14:37:00.902216Z[0m [33m WARN[0m [2msaga[0m[2m:[0m saga list_running failed: database error: pool timed out while waiting for an open connection
[2m2026-09-09T14:37:40.717278Z[0m [33m WARN[0m [2msaga[0m[2m:[0m saga list_running failed: database error: pool timed out while waiting for an open connection
[2m2026-09-09T14:38:15.744974Z[0m [33m WARN[0m [2msaga[0m[2m:[0m saga list_running failed: database error: pool timed out while waiting for an open connection
[2m2026-09-09T14:38:50.829541Z[0m [33m WARN[0m [2msaga[0m[2m:[0m saga list_running failed: database error: pool timed out while waiting for an open connection
[2m2026-09-09T14:39:25.854349Z[0m [33m WARN[0m [2msaga[0m[2m:[0m saga list_running failed: database error: pool timed out while waiting for an open connection
[2m2026-09-09T14:40:00.872936Z[0m [33m WARN[0m [2msaga[0m[2m:[0m saga list_running failed: database error: pool timed out while waiting for an open connection
[2m2026-09-09T14:40:35.887756Z[0m [33m WARN[0m [2msaga[0m[2m:[0m saga list_running failed: database error: pool timed out while waiting for an open connection
[2m2026-09-09T14:41:10.913604Z[0m [33m WARN[0m [2msaga[0m[2m:[0m saga list_running failed: database error: pool timed out while waiting for an open connection
[2m2026-09-09T14:41:46.018061Z[0m [33m WARN[0m [2msaga[0m[2m:[0m saga list_running failed: database error: pool timed out while waiting for an open connection
[2m2026-09-09T14:42:21.041169Z[0m [33m WARN[0m [2msaga[0m[2m:[0m saga list_running failed: database error: pool timed out while waiting for an open connection
[2m2026-09-09T14:42:56.056641Z[0m [33m WARN[0m [2msaga[0m[2m:[0m saga list_running failed: database error: pool timed out while waiting for an open connection
[2m2026-09-09T14:43:31.068298Z[0m [33m WARN[0m [2msaga[0m[2m:[0m saga list_running failed: database error: pool timed out while waiting for an open connection
[2m2026-09-09T14:44:06.090661Z[0m [33m WARN[0m [2msaga[0m[2m:[0m saga list_running failed: database error: pool timed out while waiting for an open connection
[2m2026-09-09T14:44:41.112642Z[0m [33m WARN[0m [2msaga[0m[2m:[0m saga list_running failed: database error: pool timed out while waiting for an open connection
[2m2026-09-09T14:45:16.373172Z[0m [33m WARN[0m [2msaga[0m[2m:[0m saga list_running failed: database error: pool timed out while waiting for an open connection
[2m2026-09-09T14:45:51.814138Z[0m [33m WARN[0m [2msaga[0m[2m:[0m saga list_running failed: database error: pool timed out while waiting for an open connection
[2m2026-09-09T14:46:26.827678Z[0m [33m WARN[0m [2msaga[0m[2m:[0m saga list_running failed: database error: pool timed out while waiting for an open connection
[2m2026-09-09T14:47:01.845664Z[0m [33m WARN[0m [2msaga[0m[2m:[0m saga list_running failed: database error: pool timed out while waiting for an open connection
[2m2026-09-09T14:47:36.865992Z[0m [33m WARN[0m [2msaga[0m[2m:[0m saga list_running failed: database error: pool timed out while waiting for an open connection
[2m2026-09-09T14:48:11.895901Z[0m [33m WARN[0m [2msaga[0m[2m:[0m saga list_running failed: database error: pool timed out while waiting for an open connection
[2m2026-09-09T14:48:46.916966Z[0m [33m WARN[0m [2msaga[0m[2m:[0m saga list_running failed: database error: pool timed out while waiting for an open connection
[2m2026-09-09T14:49:21.945736Z[0m [33m WARN[0m [2msaga[0m[2m:[0m saga list_running failed: database error: pool timed out while waiting for an open connection
[2m2026-09-09T14:49:56.959604Z[0m [33m WARN[0m [2msaga[0m[2m:[0m saga list_running failed: database error: pool timed out while waiting for an open connection
[2m2026-09-09T14:50:31.979161Z[0m [33m WARN[0m [2msaga[0m[2m:[0m saga list_running failed: database error: pool timed out while waiting for an open connection
[2m2026-09-09T14:51:06.993318Z[0m [33m WARN[0m [2msaga[0m[2m:[0m saga list_running failed: database error: pool timed out while waiting for an open connection
[2m2026-09-09T14:51:42.009782Z[0m [33m WARN[0m [2msaga[0m[2m:[0m saga list_running failed: database error: pool timed out while waiting for an open connection
[2m2026-09-09T14:52:17.034475Z[0m [33m WARN[0m [2msaga[0m[2m:[0m saga list_running failed: database error: pool timed out while waiting for an open connection
[2m2026-09-09T14:52:52.040647Z[0m [33m WARN[0m [2msaga[0m[2m:[0m saga list_running failed: database error: pool timed out while waiting for an open connection
[2m2026-09-09T14:53:27.067963Z[0m [33m WARN[0m [2msaga[0m[2m:[0m saga list_running failed: database error: pool timed out while waiting for an open connection
[2m2026-09-09T14:54:02.076892Z[0m [33m WARN[0m [2msaga[0m[2m:[0m saga list_running failed: database error: pool timed out while waiting for an open connection
[2m2026-09-09T14:54:37.103110Z[0m [33m WARN[0m [2msaga[0m[2m:[0m saga list_running failed: database error: pool timed out while waiting for an open connection
[2m2026-09-09T14:55:12.127254Z[0m [33m WARN[0m [2msaga[0m[2m:[0m saga list_running failed: database error: pool timed out while waiting for an open connection
[2m2026-09-09T14:55:47.143067Z[0m [33m WARN[0m [2msaga[0m[2m:[0m saga list_running failed: database error: pool timed out while waiting for an open connection
[2m2026-09-09T14:56:22.166335Z[0m [33m WARN[0m [2msaga[0m[2m:[0m saga list_running failed: database error: pool timed out while waiting for an open connection
[2m2026-09-09T14:56:57.190185Z[0m [33m WARN[0m [2msaga[0m[2m:[0m saga list_running failed: database error: pool timed out while waiting for an open connection
[2m2026-09-09T14:57:32.216370Z[0m [33m WARN[0m [2msaga[0m[2m:[0m saga list_running failed: database error: pool timed out while waiting for an open connection
[2m2026-09-09T14:58:07.240107Z[0m [33m WARN[0m [2msaga[0m[2m:[0m saga list_running failed: database error: pool timed out while waiting for an open connection
[2m2026-09-09T14:58:42.264892Z[0m [33m WARN[0m [2msaga[0m[2m:[0m saga list_running failed: database error: pool timed out while waiting for an open connection
[2m2026-09-09T14:59:17.287761Z[0m [33m WARN[0m [2msaga[0m[2m:[0m saga list_running failed: database error: pool timed out while waiting for an open connection
[2m2026-09-09T14:59:52.294123Z[0m [33m WARN[0m [2msaga[0m[2m:[0m saga list_running failed: database error: pool timed out while waiting for an open connection
[2m2026-09-09T15:00:27.306094Z[0m [33m WARN[0m [2msaga[0m[2m:[0m saga list_running failed: database error: pool timed out while waiting for an open connection
[2m2026-09-09T15:01:02.314609Z[0m [33m WARN[0m [2msaga[0m[2m:[0m saga list_running failed: database error: pool timed out while waiting for an open connection
[2m2026-09-09T15:01:37.333144Z[0m [33m WARN[0m [2msaga[0m[2m:[0m saga list_running failed: database error: pool timed out while waiting for an open connection
[2m2026-09-09T15:02:12.355441Z[0m [33m WARN[0m [2msaga[0m[2m:[0m saga list_running failed: database error: pool timed out while waiting for an open connection
[2m2026-09-09T15:02:47.372155Z[0m [33m WARN[0m [2msaga[0m[2m:[0m saga list_running failed: database error: pool timed out while waiting for an open connection
[2m2026-09-09T15:03:22.399040Z[0m [33m WARN[0m [2msaga[0m[2m:[0m saga list_running failed: database error: pool timed out while waiting for an open connection
[2m2026-09-09T15:03:57.412418Z[0m [33m WARN[0m [2msaga[0m[2m:[0m saga list_running failed: database error: pool timed out while waiting for an open connection
[2m2026-09-09T15:04:32.444277Z[0m [33m WARN[0m [2msaga[0m[2m:[0m saga list_running failed: database error: pool timed out while waiting for an open connection
[2m2026-09-09T15:05:07.468313Z[0m [33m WARN[0m [2msaga[0m[2m:[0m saga list_running failed: database error: pool timed out while waiting for an open connection
[2m2026-09-09T15:05:42.478756Z[0m [33m WARN[0m [2msaga[0m[2m:[0m saga list_running failed: database error: pool timed out while waiting for an open connection
[2m2026-09-09T15:06:17.491396Z[0m [33m WARN[0m [2msaga[0m[2m:[0m saga list_running failed: database error: pool timed out while waiting for an open connection
[2m2026-09-09T15:06:52.507477Z[0m [33m WARN[0m [2msaga[0m[2m:[0m saga list_running failed: database error: pool timed out while waiting for an open connection
[2m2026-09-09T15:07:27.527844Z[0m [33m WARN[0m [2msaga[0m[2m:[0m saga list_running failed: database error: pool timed out while waiting for an open connection
[2m2026-09-09T15:08:02.541327Z[0m [33m WARN[0m [2msaga[0m[2m:[0m saga list_running failed: database error: pool timed out while waiting for an open connection
[2m2026-09-09T15:08:37.551308Z[0m [33m WARN[0m [2msaga[0m[2m:[0m saga list_running failed: database error: pool timed out while waiting for an open connection
[2m2026-09-09T15:09:12.577070Z[0m [33m WARN[0m [2msaga[0m[2m:[0m saga list_running failed: database error: pool timed out while waiting for an open connection
[2m2026-09-09T15:09:47.596094Z[0m [33m WARN[0m [2msaga[0m[2m:[0m saga list_running failed: database error: pool timed out while waiting for an open connection
[2m2026-09-09T15:10:22.615061Z[0m [33m WARN[0m [2msaga[0m[2m:[0m saga list_running failed: database error: pool timed out while waiting for an open connection
[2m2026-09-09T15:10:57.636888Z[0m [33m WARN[0m [2msaga[0m[2m:[0m saga list_running failed: database error: pool timed out while waiting for an open connection
[2m2026-09-09T15:11:32.657228Z[0m [33m WARN[0m [2msaga[0m[2m:[0m saga list_running failed: database error: pool timed out while waiting for an open connection
[2m2026-09-09T15:12:07.676103Z[0m [33m WARN[0m [2msaga[0m[2m:[0m saga list_running failed: database error: pool timed out while waiting for an open connection
[2m2026-09-09T15:12:42.692342Z[0m [33m WARN[0m [2msaga[0m[2m:[0m saga list_running failed: database error: pool timed out while waiting for an open connection
[2m2026-09-09T15:13:17.698518Z[0m [33m WARN[0m [2msaga[0m[2m:[0m saga list_running failed: database error: pool timed out while waiting for an open connection
[2m2026-09-09T15:13:52.722059Z[0m [33m WARN[0m [2msaga[0m[2m:[0m saga list_running failed: database error: pool timed out while waiting for an open connection
[2m2026-09-09T15:14:27.752264Z[0m [33m WARN[0m [2msaga[0m[2m:[0m saga list_running failed: database error: pool timed out while waiting for an open connection
[2m2026-09-09T15:15:02.777362Z[0m [33m WARN[0m [2msaga[0m[2m:[0m saga list_running failed: database error: pool timed out while waiting for an open connection
[2m2026-09-09T15:15:37.798775Z[0m [33m WARN[0m [2msaga[0m[2m:[0m saga list_running failed: database error: pool timed out while waiting for an open connection
[2m2026-09-09T15:16:12.814594Z[0m [33m WARN[0m [2msaga[0m[2m:[0m saga list_running failed: database error: pool timed out while waiting for an open connection
[2m2026-09-09T15:16:47.825462Z[0m [33m WARN[0m [2msaga[0m[2m:[0m saga list_running failed: database error: pool timed out while waiting for an open connection
[2m2026-09-09T15:17:22.853941Z[0m [33m WARN[0m [2msaga[0m[2m:[0m saga list_running failed: database error: pool timed out while waiting for an open connection
[2m2026-09-09T15:17:57.861797Z[0m [33m WARN[0m [2msaga[0m[2m:[0m saga list_running failed: database error: pool timed out while waiting for an open connection
[2m2026-09-09T15:18:32.881741Z[0m [33m WARN[0m [2msaga[0m[2m:[0m saga list_running failed: database error: pool timed out while waiting for an open connection
[2m2026-09-09T15:19:07.911434Z[0m [33m WARN[0m [2msaga[0m[2m:[0m saga list_running failed: database error: pool timed out while waiting for an open connection
[2m2026-09-09T15:19:42.936814Z[0m [33m WARN[0m [2msaga[0m[2m:[0m saga list_running failed: database error: pool timed out while waiting for an open connection
[2m2026-09-09T15:20:17.954182Z[0m [33m WARN[0m [2msaga[0m[2m:[0m saga list_running failed: database error: pool timed out while waiting for an open connection
[2m2026-09-09T15:20:52.970239Z[0m [33m WARN[0m [2msaga[0m[2m:[0m saga list_running failed: database error: pool timed out while waiting for an open connection
[2m2026-09-09T15:21:27.984751Z[0m [33m WARN[0m [2msaga[0m[2m:[0m saga list_running failed: database error: pool timed out while waiting for an open connection
[2m2026-09-09T15:22:03.002801Z[0m [33m WARN[0m [2msaga[0m[2m:[0m saga list_running failed: database error: pool timed out while waiting for an open connection
[2m2026-09-09T15:22:38.031679Z[0m [33m WARN[0m [2msaga[0m[2m:[0m saga list_running failed: database error: pool timed out while waiting for an open connection
[2m2026-09-09T15:23:13.057484Z[0m [33m WARN[0m [2msaga[0m[2m:[0m saga list_running failed: database error: pool timed out while waiting for an open connection
[2m2026-09-09T15:23:48.081957Z[0m [33m WARN[0m [2msaga[0m[2m:[0m saga list_running failed: database error: pool timed out while waiting for an open connection
[2m2026-09-09T15:24:23.091585Z[0m [33m WARN[0m [2msaga[0m[2m:[0m saga list_running failed: database error: pool timed out while waiting for an open connection
[2m2026-09-09T15:24:58.114252Z[0m [33m WARN[0m [2msaga[0m[2m:[0m saga list_running failed: database error: pool timed out while waiting for an open connection
[2m2026-09-09T15:25:33.124740Z[0m [33m WARN[0m [2msaga[0m[2m:[0m saga list_running failed: database error: pool timed out while waiting for an open connection
[2m2026-09-09T15:26:08.151428Z[0m [33m WARN[0m [2msaga[0m[2m:[0m saga list_running failed: database error: pool timed out while waiting for an open connection
[2m2026-09-09T15:26:43.171401Z[0m [33m WARN[0m [2msaga[0m[2m:[0m saga list_running failed: database error: pool timed out while waiting for an open connection
[2m2026-09-09T15:27:18.189837Z[0m [33m WARN[0m [2msaga[0m[2m:[0m saga list_running failed: database error: pool timed out while waiting for an open connection
[2m2026-09-09T15:27:53.216263Z[0m [33m WARN[0m [2msaga[0m[2m:[0m saga list_running failed: database error: pool timed out while waiting for an open connection
[2m2026-09-09T15:28:28.228731Z[0m [33m WARN[0m [2msaga[0m[2m:[0m saga list_running failed: database error: pool timed out while waiting for an open connection
[2m2026-09-09T15:29:03.249196Z[0m [33m WARN[0m [2msaga[0m[2m:[0m saga list_running failed: database error: pool timed out while waiting for an open connection
[2m2026-09-09T15:29:38.257556Z[0m [33m WARN[0m [2msaga[0m[2m:[0m saga list_running failed: database error: pool timed out while waiting for an open connection
[2m2026-09-09T15:30:13.277849Z[0m [33m WARN[0m [2msaga[0m[2m:[0m saga list_running failed: database error: pool timed out while waiting for an open connection
